-0.52839774	0.6322497	-0.59868157	-0.55506074	0.54077905	-0.8372571	-0.6120158	-0.5414684
-0.9711593	1.0624908	-0.99308956	-0.97812295	0.9528624	-1.294946	-1.0542918	-0.975444
-0.36299735	0.45376718	-0.33624697	-0.32728618	0.2879124	-0.58611286	-0.41373652	-0.3384286
-0.08434849	0.060831167	-0.09250419	-0.040520325	0.08731759	-0.14629105	-0.10418504	-0.096035235
0.07318846	0.058003116	-0.0034696097	0.04165483	-0.012507759	-0.11268831	0.029075453	0.032925542
0.67482775	-0.7053373	0.681457	0.6381003	-0.67525196	0.8303527	0.7085887	0.66220945
0.5871422	-0.70851403	0.6624295	0.66852075	-0.64502436	0.8231916	0.7991966	0.67858386
0.6400598	-0.66129583	0.638524	0.6174146	-0.6319879	0.8271821	0.74206585	0.6712996
-0.748807	0.8655523	-0.751843	-0.77776057	0.7255023	-0.9951655	-0.8236225	-0.6837522
-0.58451295	0.6048933	-0.55425805	-0.5131753	0.5197278	-0.74873996	-0.54977995	-0.5709754
1.1972327	-1.3900704	1.2804521	1.202871	-1.227161	1.62901	1.3498797	1.2712096
-0.0050605596	0.11826117	-0.015512558	0.003729789	0.051578574	-0.20468514	-0.01778016	-0.076623894
0.57670486	-0.69265753	0.658752	0.65913355	-0.62078243	0.85952026	0.7215717	0.6812516
0.05635055	-0.06397568	0.061842676	0.07172439	-0.13219154	-0.011763671	0.1265978	0.10382104
-0.83995825	0.9713166	-0.8611106	-0.9098365	0.88960564	-1.1577752	-0.90418005	-0.8895049
0.49812517	-0.4680056	0.51428825	0.41020736	-0.4984787	0.62714976	0.5365354	0.52340704
0.4844167	-0.48763815	0.48363784	0.41471544	-0.48051006	0.58737683	0.57167596	0.52531433
-0.19071208	0.18394922	-0.14904067	-0.1934958	0.09908685	-0.32664445	-0.2197638	-0.17115772
0.25308713	-0.2970683	0.32671103	0.2794447	-0.32705337	0.28995088	0.3654529	0.30226177
0.30508095	-0.2580641	0.26411995	0.30721122	-0.31135592	0.22830617	0.3680724	0.26121068
0.9011656	-1.0722952	0.97139204	0.9545301	-0.98567605	1.2765188	1.1683301	1.0297128
-1.0838414	1.1891949	-1.1216648	-1.084335	1.0927342	-1.3675333	-1.1685036	-1.124132
0.554175	-0.61845803	0.59001017	0.5762459	-0.60250205	0.65112895	0.673418	0.5530268
1.1314312	-1.2333082	1.2187048	1.1351651	-1.1751425	1.4994202	1.3577435	1.1325139
0.39581752	-0.5083902	0.44654036	0.48560467	-0.4819264	0.54302377	0.48583972	0.51530373
0.44476455	-0.5125232	0.49747497	0.46883425	-0.48425207	0.5978503	0.49736854	0.51116747
-1.0296054	1.1124363	-1.0137855	-1.0771623	1.0102829	-1.2826943	-1.0544168	-1.0798802
0.25757128	-0.22401893	0.26550582	0.27528855	-0.25748265	0.22880162	0.28750324	0.2676471
0.21656261	-0.20674361	0.25306672	0.23866892	-0.29208842	0.25677514	0.23973784	0.23489504
0.88495594	-0.9536011	0.8958391	0.841275	-0.93134224	1.1181623	1.0593239	0.93284655
0.30108428	-0.30489424	0.25888592	0.29127127	-0.31270283	0.23851688	0.32724562	0.29922083
-0.4691516	0.5774832	-0.44837546	-0.5112998	0.48591864	-0.7311146	-0.4751287	-0.42486537
0.26266697	-0.2968268	0.23336676	0.25101474	-0.26873603	0.26159412	0.31425214	0.25789762
0.53091913	-0.64288074	0.60476744	0.5021995	-0.6085287	0.62727845	0.6140119	0.5485345
-0.61420256	0.68341154	-0.6503583	-0.6557797	0.6523998	-0.8256734	-0.7058503	-0.5934788
0.7228391	-0.76529825	0.70653707	0.71955526	-0.7139262	0.9166507	0.8524125	0.7155352
-0.37458128	0.43666288	-0.42902383	-0.44700667	0.41868675	-0.56538785	-0.394468	-0.37422436
0.5372594	-0.615895	0.5317398	0.5735314	-0.51756424	0.5807017	0.6444553	0.52105016
-0.17497192	0.2303235	-0.113843426	-0.11835942	0.1399729	-0.23331141	-0.17414685	-0.14338732
0.39820814	-0.35708156	0.38398436	0.3439558	-0.37211555	0.44735414	0.45271552	0.42635515
0.26833138	-0.20742449	0.21830422	0.26658347	-0.25292093	0.22335301	0.2311214	0.22712015
0.012938024	0.0838081	-0.03894583	0.025007019	0.02151624	-0.07235844	-0.014917969	-0.01649206
0.5442041	-0.5815599	0.575249	0.597505	-0.5546439	0.709365	0.632087	0.58309174
0.35977492	-0.3260861	0.36126408	0.32036442	-0.33944228	0.2992866	0.41839734	0.38103795
-0.28573644	0.37739134	-0.24182713	-0.2586854	0.24849136	-0.4468994	-0.2612954	-0.3005041
0.73107237	-0.8554891	0.86431706	0.73516715	-0.7496312	1.0113403	0.96793234	0.8143557
0.7525234	-0.8500529	0.8090906	0.74329066	-0.81971985	1.0327139	0.9388371	0.8562907
0.7643978	-0.8613997	0.8350359	0.75497484	-0.81297976	1.0127221	0.8792308	0.8335923
-0.55736786	0.6071301	-0.5713872	-0.5878672	0.5640296	-0.79270715	-0.619709	-0.55796856
0.5184576	-0.5882587	0.50023806	0.5241029	-0.5368213	0.6013592	0.62570035	0.5661324
0.004810389	0.04259283	0.0012160654	0.06963561	-0.0064970567	-0.073155835	0.06252965	0.07487736
0.74790394	-0.86157465	0.8679385	0.7453281	-0.8265016	1.0930889	0.9643367	0.7799339
0.5616818	-0.646731	0.61683184	0.59560734	-0.5898593	0.7344231	0.72444797	0.6065076
0.9837226	-1.0798093	1.1080914	0.9801527	-0.98533845	1.3236452	1.209534	1.0224448
-0.0046873186	0.006821161	-0.02754664	0.057899117	-0.05400393	-0.10556121	0.0066216122	0.067870915
1.0586958	-1.1490382	1.0533273	1.0599353	-1.0511508	1.3636028	1.2139885	1.0325012
0.48352346	-0.5894831	0.5262373	0.5433259	-0.57435	0.6041973	0.56631476	0.5773337
-0.020710122	0.035612885	0.023155505	0.031096324	-0.026144	-0.08273495	0.009321532	0.037533306
1.0002693	-1.0924562	1.0724475	1.0608456	-1.0800703	1.3177525	1.1360582	1.0447749
-0.02050213	-0.0035852448	-0.04427904	-0.04588802	0.0031732328	-0.09698537	0.025206381	-0.030071935
0.17937951	-0.17913961	0.20773777	0.16425513	-0.1810417	0.13064536	0.20819308	0.16675574
-0.22985004	0.21759231	-0.15901059	-0.24080119	0.14229238	-0.39098513	-0.17244501	-0.15952642
-0.83040357	0.9407965	-0.84870183	-0.8567908	0.8058784	-1.0516837	-0.8727971	-0.8503926
-0.223861	0.27931193	-0.24374364	-0.28797862	0.205916	-0.45142454	-0.31063047	-0.28041255
0.6937446	-0.77012664	0.7178383	0.7380501	-0.684597	0.8427866	0.78120893	0.7116881
-1.1127974	1.2124578	-1.0990536	-1.087142	1.0771261	-1.333272	-1.1322981	-1.1484404
0.710171	-0.7815391	0.81279176	0.7651992	-0.73704803	0.89348865	0.8311808	0.7341602
-0.38687098	0.4496387	-0.43872088	-0.4216108	0.4186735	-0.55246246	-0.44472852	-0.45183256
0.3723469	-0.3887086	0.3272057	0.29540062	-0.3433973	0.4186359	0.41213444	0.337427
0.7276869	-0.8734215	0.746908	0.7228086	-0.7838582	0.9772601	0.8665964	0.7806921
0.72125536	-0.81495434	0.7892012	0.77453244	-0.76453906	1.0536166	0.8498806	0.7364921
-0.15051731	0.18844956	-0.091175	-0.11218498	0.12945949	-0.3001239	-0.12769876	-0.09582562
-0.4285003	0.5078864	-0.43240348	-0.4944084	0.44236574	-0.6758632	-0.46502164	-0.41798198
-0.696212	0.7734944	-0.70163345	-0.6813551	0.6330328	-0.87715805	-0.6900611	-0.69735473
0.290416	-0.27523413	0.37042475	0.30317953	-0.3065466	0.35680765	0.3817884	0.3125977
-0.33456525	0.4422833	-0.3764735	-0.38898665	0.33029383	-0.45531496	-0.3889479	-0.32328555
-0.8824101	1.001472	-0.90417904	-0.9456174	0.86326337	-1.0889226	-0.9540189	-0.8925067
0.26051575	-0.3291654	0.31452763	0.2873058	-0.33396727	0.26900652	0.3781855	0.32962328
-0.6060089	0.6474763	-0.6133103	-0.63016903	0.5357904	-0.7933168	-0.6131122	-0.5513773
0.76626945	-0.7890432	0.8235277	0.713822	-0.7949547	0.93490595	0.80905074	0.7447794
-0.64652	0.776275	-0.7124507	-0.687008	0.682366	-0.8752381	-0.65935993	-0.68731505
-0.9066693	0.87249726	-0.8571491	-0.86871266	0.79790264	-1.0604978	-0.85108066	-0.8881696
-1.1835766	1.2375884	-1.1795654	-1.1598828	1.178276	-1.3634009	-1.1786277	-1.1653019
-0.9227316	1.0462158	-0.91545576	-0.9299241	0.88752973	-1.1200813	-0.9347959	-0.93740225
0.044315714	-0.075541526	0.0576171	0.07201107	-0.04824741	0.07128063	0.08324961	0.1174588
-0.30694187	0.32152516	-0.32550555	-0.3038179	0.27542892	-0.4537019	-0.2728043	-0.32313147
0.7741269	-0.94282657	0.8041474	0.8489568	-0.8196016	1.0165197	0.9206808	0.85800993
0.4451087	-0.4930756	0.46434924	0.47047296	-0.49149278	0.46172196	0.516245	0.4384784
0.9373017	-1.0621113	1.0209178	0.9972972	-0.97348344	1.2638108	1.1362511	0.9581801
-0.5751872	0.59205663	-0.528842	-0.5800061	0.57067055	-0.7162479	-0.623992	-0.5901822
0.81999093	-0.8238191	0.8492579	0.7780057	-0.8146274	1.011819	0.95477754	0.85189617
-0.83770937	0.8896466	-0.83385134	-0.84774303	0.8087197	-1.0369613	-0.838967	-0.7895801
0.17110154	-0.07062738	0.113919795	0.079709046	-0.099432655	0.12516125	0.17341904	0.13868046
0.8821944	-0.91594183	0.8625097	0.876337	-0.90457886	1.0759351	0.9656261	0.8310423
0.86360896	-0.9330184	0.85188437	0.787257	-0.7974763	1.0111139	0.9482894	0.8599403
0.5808479	-0.63904065	0.58291554	0.51273376	-0.5752727	0.69019246	0.6157528	0.5521386
0.2938406	-0.29860848	0.33996156	0.3144682	-0.37295097	0.39821708	0.33678192	0.35488734
-0.13272585	0.17573915	-0.10671854	-0.07294076	0.1299352	-0.21357125	-0.07619368	-0.10184933
-0.8842749	0.9485506	-0.88768375	-0.8993099	0.8925725	-0.9992392	-0.8803249	-0.83071595
1.0961016	-1.16351	1.1203014	1.0534995	-1.1263589	1.350198	1.2990705	1.1400152
-0.37308696	0.36365637	-0.31173196	-0.36636803	0.3318871	-0.5196023	-0.31168205	-0.3551287
-0.89486367	0.89223164	-0.8963737	-0.89850605	0.84909314	-0.9607222	-0.8511877	-0.7942963
-0.12884259	0.18967512	-0.20526041	-0.15199539	0.1258773	-0.24527314	-0.2177909	-0.17357254
-0.04809791	0.1034874	-0.012596806	-0.02473637	0.037144206	-0.18570055	-0.0013254874	-0.043368664
0.46053407	-0.51659447	0.47001502	0.52232444	-0.5041023	0.5565179	0.54837835	0.5082666
0.42446706	-0.48702168	0.43217042	0.38408756	-0.45628977	0.52481925	0.48309472	0.43748638
-0.075757205	0.101147264	-0.14664261	-0.12818305	0.1011518	-0.20344351	-0.13345896	-0.08641543
-0.10414719	0.0712865	-0.11625121	-0.11719805	0.04430249	-0.22372803	-0.09407693	-0.10811081
0.7687038	-0.9096013	0.83049524	0.7947199	-0.8267108	1.0580882	0.91137195	0.8180633
-0.7051574	0.7837465	-0.7259204	-0.6724374	0.6511541	-0.8199404	-0.6874048	-0.67670107
0.20628889	-0.2673863	0.26168936	0.19363141	-0.2467879	0.21686004	0.3005148	0.28576276
0.9824738	-1.0819694	0.9727885	0.9082338	-0.9473606	1.2130876	1.0948848	0.9264396
0.3007872	-0.338052	0.34545735	0.35035253	-0.3654031	0.34424263	0.42626545	0.382081
0.7085181	-0.8015261	0.80318886	0.694591	-0.71880305	0.9638038	0.8054708	0.7142463
-0.075770184	0.075625606	-0.07909751	-0.03160362	-0.0006843506	-0.10107259	-0.05711523	-0.0214979
-0.742746	0.7465211	-0.6974385	-0.6569933	0.6369678	-0.8299254	-0.73017925	-0.6408733
-0.4192454	0.47314003	-0.46609646	-0.44463003	0.413106	-0.60668874	-0.48227748	-0.43907478
0.06993303	-0.11538239	0.035921324	0.091862194	-0.10957743	0.038620528	0.116908275	0.113570146
-1.1642008	1.2657603	-1.1569192	-1.2071398	1.1799713	-1.3692715	-1.2228986	-1.2098527
-0.41428003	0.45923007	-0.39588434	-0.43727776	0.44675785	-0.52845633	-0.463514	-0.4543547
0.5790645	-0.7203062	0.70162165	0.6191274	-0.5905183	0.8150285	0.69604415	0.67258745
0.006480426	-0.004460784	0.0015976116	-0.05485276	0.023481088	-0.110514805	-0.018103415	0.0028479928
1.0563805	-1.1845455	1.1245692	1.0686529	-1.0416967	1.2907188	1.2054384	1.1164168
0.039086364	-0.061591316	0.055357177	0.09520895	-0.011535567	-0.033114795	0.050104056	0.09704563
-0.20104373	0.2924365	-0.2447912	-0.2201028	0.2063024	-0.28615314	-0.20664792	-0.16391481
-0.39075026	0.38070685	-0.35468483	-0.3629965	0.29538184	-0.44636974	-0.3905628	-0.3386049
0.80264026	-0.9780862	0.9358621	0.846885	-0.822239	1.0660224	0.9472378	0.91680336
-0.3884582	0.479888	-0.36934933	-0.36221746	0.35330257	-0.56445324	-0.41222003	-0.3400449
0.04231506	-0.042327467	0.0009746903	-0.013272377	-0.015665209	-0.011284854	0.071726255	0.01581323
0.062852725	-0.06669748	0.11080982	0.043266486	-0.106265016	-0.0032554627	0.036769483	0.12977992
0.18418083	-0.2641172	0.19285578	0.23941627	-0.24888723	0.1741483	0.2758255	0.2720063
-0.77271456	0.8512727	-0.78132594	-0.7835207	0.78372866	-0.9382691	-0.80532336	-0.7598338
0.5061691	-0.59507835	0.5609789	0.5015814	-0.50839496	0.599354	0.636735	0.54767025
-0.09290332	0.06699751	-0.076936334	-0.093632996	0.036713414	-0.09392695	-0.0045955116	0.0054800524
1.0378073	-1.1813523	1.1456323	1.0637876	-1.1222541	1.3743881	1.2170825	1.0670793
-0.3383072	0.37354392	-0.32999337	-0.3054355	0.32956734	-0.452922	-0.3320235	-0.27175972
-0.54461753	0.6834502	-0.5995643	-0.53871053	0.52000475	-0.76589584	-0.571658	-0.59906477
-0.62557995	0.70459974	-0.6067605	-0.65763855	0.63805777	-0.7806398	-0.6820743	-0.5928369
-0.35026306	0.387467	-0.36476132	-0.3297817	0.40754625	-0.55007255	-0.3815331	-0.33331642
-0.38901275	0.44194424	-0.41959077	-0.43925518	0.43816397	-0.5829358	-0.48408228	-0.38744262
0.5182172	-0.5309631	0.52297443	0.49597448	-0.55255044	0.57042295	0.5657471	0.5054908
0.12640005	-0.112069026	0.10145442	0.1243544	-0.16222955	0.058823343	0.13160647	0.14193116
-0.75937366	0.81194097	-0.71001077	-0.75970083	0.72657317	-0.9245441	-0.7643691	-0.711301
0.9297124	-0.9770986	0.99351704	0.94395155	-0.95914865	1.2215518	1.0868729	0.93738043
-0.87841326	0.9739173	-0.91874295	-0.904185	0.904786	-0.98485285	-0.892033	-0.84232455
-0.85155356	0.91582245	-0.8976998	-0.924104	0.8166752	-1.052877	-0.86872005	-0.9072418
0.5547453	-0.6024371	0.5722928	0.5713915	-0.5071738	0.6765071	0.6533727	0.53243375
-0.09914757	0.13820878	-0.094308734	-0.15418968	0.09959343	-0.23316978	-0.13506727	-0.16316792
-0.22290853	0.30400273	-0.27405	-0.23315753	0.23258927	-0.33173284	-0.26696476	-0.27810496
0.064805314	-0.087315395	0.035826493	0.09370789	-0.06486292	0.03807255	0.0726187	0.09037263
0.70720094	-0.77040285	0.760349	0.7032423	-0.667101	0.8880467	0.8429419	0.7648897
-0.71527094	0.71952575	-0.7177895	-0.6137151	0.6551272	-0.7968586	-0.6422264	-0.7055407
0.036673382	-0.033195097	0.023073524	-0.013787746	-0.02204089	-0.023911368	0.0749869	0.028013824
-0.22348604	0.22574848	-0.22712848	-0.16104378	0.1590704	-0.2838648	-0.18032409	-0.22337493
0.27776212	-0.24464642	0.26395062	0.2829748	-0.2556892	0.28219283	0.30038485	0.23966353
-0.5668158	0.63481367	-0.6021321	-0.5360109	0.58966255	-0.7008913	-0.57325023	-0.53569436
0.93424433	-1.1090982	1.0450205	0.95569676	-0.99419427	1.2680279	1.085912	1.0060097
-0.70378965	0.726261	-0.72887135	-0.68333954	0.74139774	-0.83690554	-0.7250441	-0.7657056
-0.121539734	0.21169862	-0.13949364	-0.17156616	0.13984711	-0.21867362	-0.19076806	-0.17265977
0.7310303	-0.8931816	0.7732105	0.7641644	-0.7565021	1.0250094	0.88781714	0.8309317
-0.25290957	0.2168937	-0.19278018	-0.2668469	0.17311086	-0.33971253	-0.18880565	-0.17223933
-0.2905427	0.36834535	-0.33571082	-0.27327475	0.31159642	-0.41080454	-0.31651783	-0.3105271
0.6117945	-0.72060984	0.6506349	0.6479378	-0.6599051	0.7471534	0.6652923	0.6279474
-0.44522342	0.42481267	-0.36928856	-0.3993631	0.3811009	-0.5484752	-0.39712593	-0.42469323
0.5185667	-0.6184252	0.5460278	0.53310376	-0.5248388	0.63186944	0.61810523	0.5539732
-1.0510257	1.0407746	-1.0497059	-0.986587	1.0302144	-1.1521598	-1.0351623	-0.95778894
-0.5090106	0.5337603	-0.45345142	-0.47863075	0.47898594	-0.54527265	-0.5046189	-0.5064846
0.4567045	-0.4953805	0.45566785	0.45232248	-0.50392455	0.49904454	0.47562194	0.4555347
0.6408211	-0.74819607	0.6745934	0.64166504	-0.6246222	0.81149	0.7589141	0.6715715
0.4081095	-0.40447015	0.40249187	0.40206778	-0.36513802	0.4075683	0.40972632	0.34646627
-0.5656746	0.66972053	-0.61190724	-0.5533498	0.60063046	-0.7326451	-0.6036281	-0.5385767
-0.41501662	0.42430615	-0.36949784	-0.37571543	0.34561688	-0.43282777	-0.31791195	-0.3377282
0.511371	-0.55097353	0.5145032	0.5533697	-0.55838174	0.5574398	0.5859363	0.538114
-0.34580278	0.4589635	-0.33230612	-0.40642306	0.41209167	-0.5033147	-0.38952067	-0.3356471
0.2772747	-0.2425064	0.2542871	0.27335244	-0.2798312	0.24308021	0.24131435	0.25506124
0.6972627	-0.78317434	0.70608896	0.66007453	-0.6458489	0.9232529	0.82041043	0.6983999
-0.89036196	0.9438243	-0.91956556	-0.9193178	0.90407103	-1.0603902	-0.9269059	-0.8472968
0.32290295	-0.3209072	0.37359422	0.33600077	-0.3651263	0.32806173	0.39535683	0.30816466
-0.061683472	0.037507903	-0.049766235	-0.10454961	0.07802615	-0.10943532	-0.01093784	-0.09678748
-0.44803187	0.48143253	-0.3770367	-0.4093947	0.37618917	-0.5041418	-0.45223373	-0.37149453
-0.28167525	0.34930825	-0.3019362	-0.33823505	0.3145907	-0.3537868	-0.3585637	-0.28875056
0.6868509	-0.7040347	0.7334149	0.652808	-0.7514816	0.8455551	0.7819739	0.7174238
0.63092786	-0.73378056	0.7307085	0.6180873	-0.7019343	0.87429965	0.7523045	0.7112363
0.29667556	-0.24128132	0.28940853	0.2855998	-0.28752202	0.23343308	0.27585635	0.24137309
-0.17422046	0.19575241	-0.14360406	-0.17134377	0.14128973	-0.31025434	-0.1707655	-0.21057735
-0.62633646	0.61061877	-0.5685714	-0.6274595	0.5564146	-0.73534626	-0.58857626	-0.5878181
-0.15563786	0.19594787	-0.11783406	-0.19407915	0.14221203	-0.2632395	-0.121205546	-0.13022853
-0.08381473	0.0154931545	-0.036679458	-0.04036759	0.010309973	-0.15998341	-0.07763355	-0.036422357
0.0109660495	0.008319856	0.06684365	0.06984965	-0.022704978	-0.074303046	0.00092132716	0.037823938
0.62528396	-0.719501	0.691435	0.6310594	-0.6907682	0.79257315	0.76169956	0.6825556
-0.10475484	0.116624795	-0.13552445	-0.13462344	0.12338998	-0.16236678	-0.11160028	-0.134793
-0.13186386	0.15137275	-0.116347305	-0.07747032	0.04338553	-0.12804806	-0.050848715	-0.052114982
0.45227355	-0.55126184	0.51669365	0.5033271	-0.5034667	0.5551148	0.5267964	0.5025644
-0.014201338	0.016515061	-0.01273391	-0.034996267	0.052901007	-0.05196475	-0.05311235	0.014560153
0.3525594	-0.40643868	0.32897687	0.33761993	-0.33936393	0.4028212	0.34879756	0.39557776
-0.05346163	0.074823335	-0.098137446	-0.06629036	0.11577156	-0.104775295	-0.0939527	-0.10326638
0.16239417	-0.16267645	0.1791387	0.16356394	-0.2704022	0.16564456	0.19844776	0.22989683
0.59637284	-0.6955819	0.635008	0.62663144	-0.6570693	0.7804826	0.6463434	0.66459805
-0.4497435	0.49978274	-0.4144463	-0.46373105	0.45027357	-0.5851086	-0.40279266	-0.44495338
-0.2876181	0.38324353	-0.35534745	-0.31749836	0.35076	-0.37779838	-0.3079409	-0.272133
0.55673414	-0.5682553	0.5639919	0.56006503	-0.6125031	0.6961682	0.6662416	0.5927796
0.026675373	-0.04029404	-0.004339145	0.049911913	-0.00016998845	-0.07649242	0.006852999	-0.006447123
0.9182877	-1.0683129	0.95884484	0.90000826	-0.9646678	1.1616373	1.0160886	0.9970993
0.11268458	-0.11218013	0.059794392	0.11470057	-0.1503538	0.05330936	0.15747182	0.14815198
0.06101148	-0.041033067	0.04020936	0.055497874	-0.07582225	-0.0369041	-0.017755609	0.06349286
0.6788173	-0.7939158	0.7741005	0.670367	-0.73911285	0.9308739	0.8272252	0.72069746
0.00080209866	0.017039409	-0.001547588	0.043158468	-0.02097551	-0.058010224	-0.014795311	0.073381305
-0.513235	0.49457505	-0.50615686	-0.44706362	0.44551513	-0.60751534	-0.5156485	-0.468684
-0.29561755	0.24458574	-0.21801092	-0.23992752	0.25770992	-0.3363864	-0.2108028	-0.27732405
-0.87392366	0.9019831	-0.88476115	-0.87768203	0.81037784	-0.95710295	-0.80609906	-0.83336145
-0.232033	0.24236453	-0.26027074	-0.23325716	0.20750172	-0.3813031	-0.21078846	-0.19958384
0.87106264	-0.98933566	1.0055904	0.93437684	-0.9623934	1.2183394	1.021297	0.96794635
0.037642308	-0.067230344	0.08116024	0.045917906	-0.005399694	-0.06899295	0.07480933	0.0487707
0.38355353	-0.39800024	0.3857442	0.37254462	-0.3446027	0.34438202	0.36122137	0.39011633
0.42732215	-0.49301156	0.49677348	0.48517996	-0.48560125	0.45941967	0.5372403	0.5155934
0.087009236	-0.09499788	0.067279294	0.09695894	-0.09546904	0.019882677	0.15352844	0.07251195
-0.14936773	0.21325232	-0.22863293	-0.22871938	0.15129	-0.33136803	-0.23079328	-0.20349321
0.3141613	-0.38846377	0.34001696	0.35153246	-0.38339877	0.36586195	0.35302824	0.29750758
-0.23575217	0.20343886	-0.17699128	-0.14931422	0.14422223	-0.28124943	-0.17959036	-0.21843806
0.28094697	-0.31615946	0.3663633	0.31577432	-0.36602613	0.33576673	0.32626992	0.35609102
-0.050632432	-0.009217234	-0.017039523	0.024665028	-0.013609787	-0.09773826	0.04323331	0.023210501
-0.6616433	0.6264478	-0.6286902	-0.6445741	0.6031248	-0.7682324	-0.5810986	-0.56711346
0.41024083	-0.45014694	0.471868	0.4266276	-0.4079143	0.5013538	0.48015636	0.43156078
0.4615381	-0.5328709	0.5041505	0.52981514	-0.46609604	0.58914995	0.5084241	0.51958275
0.7212594	-0.82049835	0.76613903	0.7215493	-0.7093398	0.8847467	0.81615174	0.73808575
-0.25528353	0.25910327	-0.2247253	-0.23923674	0.19765048	-0.30818528	-0.2721596	-0.2482471
-0.009542432	0.027193356	-0.040331785	0.02595807	0.033075124	-0.046383582	-0.022334602	0.0073489132
-0.0021929878	0.007047578	0.038398407	-0.035311073	-0.024247458	-0.0077340286	-0.017122665	-0.043630432
-0.22554505	0.29370305	-0.2366626	-0.256972	0.2761946	-0.3428817	-0.2796287	-0.29684523
-0.6923219	0.7650549	-0.67238647	-0.703075	0.700626	-0.850087	-0.6375439	-0.70470625
-0.013931217	-0.0035530122	0.0011569572	-0.045477327	-0.009577437	-0.064338684	-0.023617193	-0.023873026
0.048514187	0.017685922	0.030123197	0.012613979	-0.048508555	-0.019960813	0.087896906	0.06895274
-0.31405967	0.32838276	-0.29541913	-0.3061959	0.29937962	-0.44566405	-0.3086792	-0.31476986
-0.25214854	0.29917628	-0.20860629	-0.22123586	0.22464047	-0.27068436	-0.19776379	-0.21445839
0.25696322	-0.1964725	0.25405502	0.21946122	-0.18815716	0.1955368	0.21617728	0.24767734
0.11221249	-0.09345861	0.13800693	0.09767306	-0.1680112	0.13463615	0.108953305	0.12195473
-0.7350422	0.8357483	-0.80956465	-0.78835386	0.7196035	-0.9452083	-0.7873781	-0.77128613
-0.098914094	0.16029607	-0.13367513	-0.058065586	0.068968065	-0.20268981	-0.08868737	-0.054875817
-0.33914843	0.3307941	-0.29703146	-0.34050736	0.2757131	-0.46888626	-0.33736578	-0.33223015
-0.49263662	0.58941895	-0.5531513	-0.4948389	0.47070128	-0.6856412	-0.5204685	-0.5531369
0.35229447	-0.38234574	0.4599359	0.382001	-0.40272003	0.43809748	0.49329576	0.43000332
0.2750231	-0.25006896	0.30490002	0.20232926	-0.29053172	0.23039043	0.27420375	0.3004378
0.08029026	-0.06554509	0.11326681	0.035076983	-0.12902142	-0.0043835845	0.10426883	0.121703394
0.9665824	-0.99065554	0.9263839	0.9414723	-0.8906471	1.1552703	1.0084754	0.9853429
-0.18401718	0.23041427	-0.18048497	-0.20503964	0.17946008	-0.2996939	-0.22748104	-0.16652574
-0.8825279	0.91460913	-0.82154566	-0.8055371	0.81647927	-0.9533872	-0.83464676	-0.85711086
-0.58692646	0.6090509	-0.5030984	-0.49582142	0.5202499	-0.69340146	-0.5682518	-0.5676996
-0.12570088	0.11030169	-0.1400196	-0.13063134	0.1262765	-0.24537016	-0.09447046	-0.06311769
-0.34126657	0.3529059	-0.3313314	-0.33066055	0.29485014	-0.34408584	-0.24416554	-0.25039506
0.10951521	-0.16990273	0.15326704	0.17504928	-0.17211258	0.13447478	0.122859366	0.13890293
0.59468913	-0.62354374	0.58508533	0.55038387	-0.5381069	0.7091936	0.6826101	0.6392116
-0.53990763	0.66186434	-0.63827115	-0.62099624	0.5662733	-0.71105355	-0.57894987	-0.5461197
0.23640001	-0.2541144	0.24842955	0.21991563	-0.23465583	0.27153465	0.25829217	0.21903738
0.27167508	-0.3354747	0.30889645	0.29987612	-0.27536187	0.38619632	0.32739624	0.35437697
-0.74020016	0.7663595	-0.75259995	-0.6839587	0.74375814	-0.87827593	-0.752318	-0.6801619
0.16523007	-0.17631374	0.14073925	0.1809012	-0.22160277	0.1456628	0.17495506	0.18039386
0.54607016	-0.6374921	0.5574455	0.53997666	-0.5571782	0.6561643	0.68866104	0.57945824
0.37547788	-0.38340196	0.4506151	0.3974508	-0.4079642	0.4585651	0.4270658	0.40590018
0.5137009	-0.4972055	0.48730874	0.5037154	-0.48562798	0.580264	0.5594052	0.47884426
-0.52192914	0.55312485	-0.54269135	-0.567517	0.50816774	-0.6620065	-0.61775905	-0.5225743
-0.1659934	0.15224531	-0.16772649	-0.09741934	0.08235761	-0.15719038	-0.14066248	-0.13065298
0.17881358	-0.16869015	0.17318846	0.17983216	-0.2085663	0.1854914	0.18853173	0.20095007
0.12273181	-0.11934027	0.19641414	0.14260775	-0.10727816	0.16092096	0.17025615	0.19258262
0.65188724	-0.6142878	0.61457217	0.61236423	-0.64446676	0.642846	0.6654247	0.63892287
0.16625614	-0.23687278	0.26872784	0.25014535	-0.18867904	0.20660144	0.2826928	0.2381079
-0.7572874	0.8140539	-0.7226877	-0.7054904	0.7343231	-0.9025194	-0.78216606	-0.7552718
0.35424912	-0.42246372	0.40767857	0.42757964	-0.4462423	0.42977917	0.47799218	0.41993135
0.06465949	0.0018662715	0.052647572	-0.00043001393	-0.07288189	0.059012897	-0.0025574472	0.099817425
0.59214586	-0.63241637	0.5942977	0.59929	-0.6083074	0.6790141	0.5742523	0.543211
0.55377054	-0.66623425	0.6631191	0.63180524	-0.57903993	0.67044127	0.6828236	0.6524049
-0.3852213	0.332389	-0.31227943	-0.36060956	0.3711524	-0.39907882	-0.3630963	-0.35242367
0.8236965	-0.82821095	0.8357133	0.779968	-0.83385265	1.0096021	0.95458394	0.7911901
-0.28116044	0.28529266	-0.30549344	-0.28075132	0.27308008	-0.4567779	-0.296761	-0.27709442
0.41879162	-0.48241267	0.39378396	0.44960317	-0.42181507	0.5053898	0.4262609	0.43074918
-0.06440261	0.09242779	-0.022321565	-0.085703045	0.059464503	-0.14856508	-0.04504896	-0.019921243
-0.41615582	0.40516356	-0.37658283	-0.3794884	0.3081507	-0.45085955	-0.33034536	-0.3690352
-0.43877032	0.44254303	-0.42417258	-0.40314633	0.350622	-0.42610213	-0.36696762	-0.41578913
-0.29266268	0.29937705	-0.26288754	-0.32717034	0.2340206	-0.4099954	-0.2825249	-0.28865942
0.17604907	-0.100031324	0.1447591	0.18086082	-0.12190974	0.10771059	0.12195068	0.18401381
-0.50754094	0.5233949	-0.44610137	-0.49231032	0.5231381	-0.63292664	-0.4844577	-0.5015839
-0.3070856	0.35022405	-0.3051822	-0.3003377	0.3328136	-0.3659541	-0.27966973	-0.2654816
-0.51576173	0.52215636	-0.5250575	-0.5355479	0.44055578	-0.6101515	-0.54031736	-0.5179836
-0.17823549	0.2529007	-0.23348647	-0.21442617	0.15328069	-0.32920298	-0.24750571	-0.19498353
-0.045489177	0.10292043	-0.05356277	-0.08812869	0.11127308	-0.11290527	-0.029430032	-0.060680274
0.30940163	-0.26190767	0.2789365	0.30026224	-0.3505551	0.3577028	0.32045397	0.2659882
-0.262789	0.29533514	-0.18917403	-0.24078108	0.2401795	-0.33102795	-0.20165814	-0.237642
-0.096441515	0.06192795	-0.056387216	-0.08824617	0.08490834	-0.10356421	-0.05672577	-0.024772799
0.028123844	-0.0039631957	0.043340184	-0.054716934	-0.043487858	-0.03850912	-0.029065028	-0.0047678123
0.69860566	-0.6924409	0.69279426	0.6764157	-0.67705333	0.8818776	0.7255638	0.6756206
-0.0063957386	-0.006160875	0.012325329	0.032067742	-0.030446436	0.0032007003	-0.022494178	0.05487751
0.23698097	-0.18812351	0.20694372	0.17699502	-0.24851374	0.22537912	0.2882955	0.22641973
-0.115909725	0.13077058	-0.0834406	-0.09481376	0.050375573	-0.17644148	-0.09930319	-0.060479723
0.45616534	-0.51469606	0.5016532	0.48868355	-0.55775744	0.5360508	0.5829711	0.55112195
-0.0019248133	-0.02553589	0.073242515	0.014326877	-0.07100075	-0.05068387	0.05587767	-0.007309652
0.6377882	-0.6441426	0.6774299	0.59852606	-0.60358757	0.77723753	0.68495846	0.6895236
0.1375863	-0.23195454	0.21283406	0.19241016	-0.17723985	0.12775013	0.2523351	0.18624799
-0.51957595	0.5433689	-0.56994504	-0.52274084	0.5579521	-0.62110674	-0.5804746	-0.50091463
-0.08764347	0.037100866	-0.043932796	-0.082775705	0.05244063	-0.11146438	-0.00051527517	-0.060617764
-0.71637297	0.6918618	-0.74193215	-0.6904918	0.6723654	-0.756676	-0.71659756	-0.72774607
0.16502185	-0.20855004	0.19361587	0.13559546	-0.17859413	0.14660247	0.22938451	0.1997815
-0.25816023	0.21807952	-0.25128838	-0.20538	0.19426964	-0.3018423	-0.18975046	-0.16493347
-0.35130003	0.41557252	-0.3570107	-0.3844896	0.38264436	-0.40736696	-0.40991578	-0.39318952
0.07344478	-0.10880214	0.12081159	0.097841665	-0.03186133	0.023177585	0.09180734	0.1147523
0.36203486	-0.44607753	0.42431623	0.43120238	-0.35398382	0.44531882	0.46257195	0.44592094
0.9696329	-0.9871969	0.9577418	0.95843273	-0.91155285	1.0877119	1.0844293	0.9605936
0.2336392	-0.21905999	0.25142503	0.19597769	-0.16220328	0.16422427	0.22464071	0.2211303
-0.22242016	0.26591465	-0.28471917	-0.25973827	0.19836065	-0.3599721	-0.26667857	-0.29522398
-0.57115877	0.6490751	-0.6423952	-0.63033766	0.5823327	-0.7447575	-0.5850844	-0.64427125
-0.14410387	0.13967839	-0.17972699	-0.14463902	0.12556396	-0.1852488	-0.1271879	-0.09247499
0.8711054	-1.0039325	0.894968	0.8945305	-0.8601648	1.1158181	1.0246105	0.94747716
0.007481629	-0.0012350786	-0.046184104	-0.012936733	-0.018850513	-0.12554821	0.01316981	-0.023195764
0.5277636	-0.58416903	0.5261014	0.5787974	-0.5992462	0.68394315	0.62361443	0.56898254
-0.29880655	0.41410628	-0.32229388	-0.3014944	0.28913754	-0.43235722	-0.3163381	-0.33932796
-0.1447929	0.16090852	-0.15463501	-0.078550145	0.1501885	-0.14065184	-0.13138455	-0.064621456
-0.25518063	0.24297349	-0.2984338	-0.2643799	0.26361528	-0.3576443	-0.25966412	-0.29310918
-0.03771388	0.071731225	-0.05157496	-0.079914995	-0.0059309746	-0.09897505	-0.09045763	-0.047311023
-0.87581235	0.84326345	-0.865575	-0.8350418	0.8358708	-0.97149795	-0.8167756	-0.78857034
-0.32735017	0.35281605	-0.3151057	-0.31799302	0.29798087	-0.47805282	-0.30404237	-0.3625458
0.05370322	-0.028381657	0.055321492	-0.034638256	-0.03340023	-0.0701195	-0.01419002	0.061267078
0.61670834	-0.6404711	0.5784471	0.58912605	-0.6282751	0.71059084	0.6240295	0.5863877
0.2355431	-0.21539228	0.29075778	0.22573477	-0.25857407	0.24915497	0.23790814	0.27521735
-0.12859887	0.12193507	-0.19352676	-0.1419966	0.11284369	-0.23341784	-0.17071089	-0.10847417
0.6854288	-0.8116731	0.758471	0.7248525	-0.69074434	0.8173762	0.74495316	0.7086444
0.21779792	-0.15055756	0.17658336	0.16454013	-0.21095215	0.21089984	0.15669297	0.16498472
0.34940335	-0.31172636	0.32157072	0.30577418	-0.3322304	0.31082323	0.40983608	0.30428168
0.04710993	0.029689554	0.025093194	0.019517273	-0.011183674	-0.04417195	0.029676095	0.014253103
-0.5848017	0.60648006	-0.57566434	-0.6270103	0.5463426	-0.6991927	-0.626266	-0.602858
-0.7747587	0.74873066	-0.75028133	-0.7012708	0.77971673	-0.8259336	-0.74004406	-0.75842804
0.3101757	-0.3673332	0.30863163	0.35382125	-0.39271012	0.42205152	0.3490681	0.345884
-0.13747406	0.09834003	-0.14716043	-0.16541754	0.16982713	-0.21954067	-0.110229366	-0.09703844
-0.046833813	0.09258044	-0.06598828	-0.06409008	0.07970841	-0.08839611	-0.021970287	-0.10231271
0.4603004	-0.56578207	0.5071947	0.50165445	-0.50531626	0.6374416	0.59370863	0.49549714
0.60654485	-0.6366523	0.6118051	0.5976806	-0.624448	0.6690433	0.67681855	0.5445672
-0.1836138	0.1508322	-0.124456346	-0.107693	0.13968025	-0.20136799	-0.09961369	-0.11779476
0.14813416	-0.17693517	0.17112638	0.1981374	-0.17482926	0.19657424	0.18993811	0.13386154
-0.33585083	0.31800827	-0.3589555	-0.37779108	0.32719302	-0.4421561	-0.31218272	-0.36833933
0.38055503	-0.4602167	0.38349983	0.43511876	-0.38640574	0.47463635	0.4224296	0.4135837
0.47300234	-0.53519166	0.51682144	0.494155	-0.4715908	0.55261064	0.534325	0.4848373
0.33498782	-0.29223362	0.303037	0.32045284	-0.29605812	0.3204965	0.3339353	0.29417774
-0.19667459	0.16834843	-0.16759147	-0.13899861	0.110813625	-0.24608439	-0.14767945	-0.18997425
-0.1700905	0.15029877	-0.17941959	-0.18416871	0.1366081	-0.15263464	-0.18700518	-0.16728601
0.4040021	-0.48753494	0.46234897	0.42598486	-0.4031577	0.45105767	0.53216434	0.46097317
0.5418752	-0.58010584	0.5477159	0.5513087	-0.5415422	0.6278639	0.54995406	0.53021085
0.7844048	-0.9464719	0.82249445	0.8409792	-0.845127	1.0108304	0.9053038	0.8375993
0.13077708	-0.19865233	0.12535258	0.18193413	-0.14286657	0.15783481	0.19956096	0.12377536
-0.14740393	0.110300034	-0.11502665	-0.1448887	0.10276718	-0.18027562	-0.10297296	-0.08013875
0.26437202	-0.2544293	0.2669699	0.27587155	-0.3039548	0.3610212	0.29534173	0.33040866
-0.06236822	0.10086747	-0.048808273	-0.051559683	0.07941316	-0.15737145	-0.11727708	-0.09883294
0.35356	-0.40724212	0.32792127	0.3856897	-0.31469974	0.48417765	0.34934798	0.37118345
0.24625793	-0.27509463	0.25690287	0.25986356	-0.25549278	0.2248868	0.3027613	0.28690293
0.04441636	-0.037343375	0.06425037	-0.00928887	-0.06729905	0.027584102	0.09059915	0.015522614
-0.49661556	0.49514157	-0.44520628	-0.4266439	0.4514536	-0.6016824	-0.46805963	-0.45696214
0.20982455	-0.2335509	0.19035484	0.18922064	-0.2648479	0.2727413	0.2628504	0.17772275
-0.6896087	0.78328145	-0.6860644	-0.72485	0.6729126	-0.8740591	-0.72901595	-0.7006042
-0.8965545	0.9927109	-0.8938953	-0.94637275	0.9185134	-1.0462989	-0.959824	-0.9164496
-0.1531167	0.22758798	-0.19466853	-0.17788199	0.1645713	-0.25668773	-0.15142624	-0.16635858
-0.43652213	0.49941564	-0.46858853	-0.45505467	0.4003856	-0.47526202	-0.40408877	-0.41692758
-0.5473915	0.51775855	-0.5689926	-0.4986335	0.54369074	-0.6562177	-0.54690456	-0.5388071
0.119358666	-0.08769176	0.088505544	0.105188824	-0.10474545	0.047043003	0.06462902	0.12665088
0.20459442	-0.26813304	0.1958171	0.25991493	-0.23537295	0.25454596	0.2294131	0.1894034
0.21957676	-0.21792045	0.21953955	0.18223487	-0.1773288	0.21637753	0.1928041	0.15342903
0.36330068	-0.40180656	0.34420592	0.3511331	-0.33744362	0.441585	0.3960794	0.33239278
0.2931586	-0.24998194	0.24701983	0.27573547	-0.24345869	0.29396564	0.29049885	0.2998737
-0.13855855	0.21398607	-0.13684905	-0.123122185	0.16396414	-0.27388746	-0.1318421	-0.14342457
-0.12095985	0.18092671	-0.16506259	-0.15256633	0.14615282	-0.21895044	-0.15620537	-0.14660291
-0.114060804	0.093583316	-0.1745529	-0.10299797	0.17104821	-0.2187246	-0.17656502	-0.15979268
-0.7823207	0.8743772	-0.814359	-0.8295343	0.75176436	-0.91115683	-0.77601516	-0.83469343
0.5143665	-0.49510792	0.5054614	0.4191068	-0.50872725	0.6227751	0.5889944	0.43803594
-0.41005224	0.48363695	-0.49335113	-0.40533927	0.48456562	-0.51659495	-0.48071972	-0.458862
-0.5537099	0.58422434	-0.506251	-0.4799852	0.54934	-0.5592703	-0.49184647	-0.5010105
-0.2823016	0.33238906	-0.25927287	-0.30378202	0.29276797	-0.34851333	-0.26586258	-0.25195354
-0.45207146	0.4501759	-0.41956818	-0.4267219	0.40037796	-0.51692647	-0.49224237	-0.44407377
-0.31350568	0.33114234	-0.27518648	-0.33169597	0.26195243	-0.32539737	-0.24859917	-0.27374527
-0.24148932	0.24650384	-0.26086384	-0.24804448	0.24068086	-0.33585948	-0.31947428	-0.24866702
-0.026158245	0.030993925	-0.015126025	-0.037476193	0.0026240824	-0.060426004	-0.007126253	0.033137266
-0.29014704	0.32879406	-0.24264875	-0.25352833	0.26203364	-0.41237992	-0.29851782	-0.26744404
-0.19861756	0.24174899	-0.23893581	-0.2052319	0.19527225	-0.2521595	-0.18925218	-0.21440138
-0.19936979	0.22276354	-0.22246715	-0.13904859	0.2116436	-0.23462376	-0.16724801	-0.17729872
-0.25929344	0.32200453	-0.21786734	-0.2486542	0.27529898	-0.32594886	-0.24903134	-0.22075067
0.121654384	-0.081978	0.055544548	0.07673777	-0.070296995	0.09128923	0.067863524	0.086729944
-0.52695924	0.49360234	-0.5081478	-0.48212448	0.52013636	-0.5538738	-0.53734976	-0.5292735
-0.73477316	0.83559793	-0.8012077	-0.74864495	0.7049127	-0.82349104	-0.7899201	-0.79573
0.066907324	-0.017173983	0.06023463	0.02524499	-0.05362353	0.047409084	0.06047297	0.09009396
-0.1995025	0.14172894	-0.15037432	-0.17349093	0.12487869	-0.26387063	-0.212707	-0.2135983
-0.46133697	0.48852766	-0.49445552	-0.44274595	0.49187532	-0.582083	-0.5045952	-0.44118136
-0.36254784	0.4346232	-0.3422852	-0.39597633	0.41703483	-0.4483699	-0.43790963	-0.3293373
-0.17982605	0.21516702	-0.18432294	-0.17471507	0.121692255	-0.21773124	-0.14417905	-0.15082148
0.59190965	-0.6610794	0.62364846	0.64150226	-0.60105157	0.6502282	0.6952811	0.60840654
0.53432006	-0.6165431	0.6411453	0.6146128	-0.6172115	0.6717238	0.6529864	0.54278785
-0.13508868	0.16931054	-0.119425915	-0.09950755	0.08002738	-0.2025085	-0.099097565	-0.1484201
0.23189026	-0.25745365	0.25120795	0.20126918	-0.2990731	0.24061657	0.30788887	0.2548085
-0.45867643	0.46120077	-0.46447873	-0.44858778	0.3999954	-0.5418532	-0.44149926	-0.4289967
-0.30807018	0.34974217	-0.3083668	-0.27445382	0.29643157	-0.36382312	-0.3296116	-0.3510075
-0.11092541	0.055208795	-0.047846038	-0.104777984	0.05161199	-0.17683001	-0.1273226	-0.061152823
0.10484364	-0.12765422	0.07025568	0.09887123	-0.08737499	0.06808107	0.14644408	0.115562774
0.5104518	-0.61904114	0.5950474	0.48725167	-0.5625767	0.61583704	0.6019361	0.5849561
0.41937947	-0.42084572	0.3598825	0.41238648	-0.3272297	0.5230877	0.39156902	0.3675664
-0.00891701	0.010746462	0.07587078	0.004223848	-0.011637329	-0.013990925	0.07485796	0.0766883
-0.25448987	0.22963768	-0.22035739	-0.203577	0.20175086	-0.29105452	-0.24849057	-0.17513816
0.3875717	-0.34511703	0.41416854	0.3777185	-0.36642754	0.49867752	0.46467662	0.41249
-0.08985794	0.06689481	-0.05651747	-0.0489696	0.037039913	-0.058542185	-0.058361534	-0.063640684
-0.13686188	0.20337449	-0.15385747	-0.12181672	0.14930359	-0.21032323	-0.12772802	-0.1511713
-0.41141784	0.38386765	-0.36321703	-0.43891808	0.38896215	-0.5103684	-0.44176254	-0.4202088
0.42615414	-0.47942582	0.42893893	0.46171087	-0.42943713	0.5522189	0.52973384	0.46000743
0.30409926	-0.290611	0.3040182	0.28093636	-0.31459868	0.2748504	0.2831552	0.3070153
-0.40415904	0.45532605	-0.44979322	-0.46107084	0.43139687	-0.46021557	-0.39528754	-0.45896342
0.71082896	-0.8085587	0.76533914	0.64105195	-0.69386846	0.8274036	0.82612103	0.688558
0.024005415	-0.10992373	0.11757371	0.032023583	-0.023464423	0.04752091	0.066424035	0.08131003
-0.19891022	0.18213633	-0.17843778	-0.14231212	0.20602544	-0.24458316	-0.18343687	-0.20235531
-0.078737006	0.05782847	-0.08090364	-0.028834436	0.010066206	-0.09904218	-0.004894587	-0.025954187
0.12443963	-0.078425385	0.06737043	0.037326187	-0.054483958	0.019482702	0.11661382	0.0713031
0.21486513	-0.1638057	0.22873001	0.19072272	-0.14228661	0.23091826	0.18246572	0.16004388
-0.094888754	0.14015286	-0.09558543	-0.059726033	0.056025516	-0.12806419	-0.06777763	-0.1337851
0.06415669	-0.024394691	0.055702254	0.07755004	-0.03540446	0.037624788	0.0147051625	0.08830598
0.30032092	-0.32633767	0.31615576	0.33588523	-0.27486297	0.287566	0.36671293	0.29619807
-0.28536484	0.32028311	-0.30720058	-0.3136318	0.300714	-0.40045294	-0.31745544	-0.2793595
-0.30001885	0.34820747	-0.35878074	-0.32660016	0.34767184	-0.4236732	-0.37322205	-0.30079982
0.6409804	-0.7575544	0.73538345	0.6863852	-0.6923062	0.87717104	0.78826755	0.70504487
-0.1690889	0.2297416	-0.16446827	-0.215856	0.15320039	-0.2243057	-0.17085537	-0.1506641
-0.6088106	0.64933044	-0.52794844	-0.5322064	0.58689696	-0.68437034	-0.5416513	-0.5241773
-0.051601738	0.048971254	0.011984503	-0.020237608	0.00049003493	-0.074560404	0.028049968	0.009364139
0.2429153	-0.20754546	0.18190303	0.19600725	-0.18394159	0.21691187	0.22751237	0.26531428
0.46344325	-0.47935733	0.4173821	0.40039605	-0.38164404	0.47889072	0.4607769	0.4632916
-0.20493184	0.18189628	-0.23433942	-0.18794426	0.24108076	-0.34833425	-0.19892736	-0.24936558
-0.36076653	0.43994296	-0.41646075	-0.37248254	0.3729247	-0.44600233	-0.37462792	-0.39803508
-0.28110576	0.32640445	-0.3012963	-0.29509994	0.2795402	-0.38783756	-0.30099797	-0.2959993
-0.2359689	0.2537145	-0.23634228	-0.2292812	0.16744958	-0.23808421	-0.20452236	-0.21747445
-0.014561908	-0.022957293	0.08091638	0.066964485	-0.056766402	-0.015890349	0.04574403	0.041676674
-0.19032656	0.25874248	-0.23431037	-0.25693	0.16668339	-0.2524782	-0.24906293	-0.20479773
0.21735221	-0.24185213	0.28822798	0.22384813	-0.21887366	0.27489915	0.2428405	0.27256492
-0.26609665	0.2764209	-0.27413607	-0.21867743	0.26085433	-0.32240614	-0.26323766	-0.28785098
-0.034150127	0.056723174	0.043966804	-0.04173822	0.0042622406	-0.049409904	0.047341637	0.011349225
-0.39761525	0.42493966	-0.44616786	-0.38041535	0.38646153	-0.47049877	-0.43982872	-0.43723625
-0.14884523	0.16187462	-0.1725509	-0.17985111	0.12811476	-0.19143428	-0.2184718	-0.18100601
-0.95842505	0.9984657	-0.90436256	-0.9439128	0.90150195	-1.0372252	-0.95182747	-0.9170211
-0.19409837	0.15344533	-0.12471847	-0.18362834	0.11546309	-0.18134692	-0.091772966	-0.12317562
-0.248453	0.27850598	-0.21729526	-0.2513558	0.19838472	-0.32609066	-0.24562551	-0.25890207
-0.24057601	0.19400291	-0.23290686	-0.18794112	0.20660803	-0.22672203	-0.23467804	-0.19774896
-0.04500428	0.044726327	0.024119405	-0.0662314	0.04192049	-0.10038867	-0.042637706	-0.019703787
-0.031781092	0.03633003	-0.06871738	-0.011196343	0.05438787	-0.0111777205	0.0044129086	0.01252473
0.5566593	-0.68423563	0.5959326	0.55483264	-0.5885709	0.74433535	0.629623	0.6003536
-0.51641935	0.6026349	-0.5602698	-0.5632537	0.5142699	-0.67634904	-0.5579908	-0.5104538
0.33534643	-0.38384956	0.4304761	0.37183502	-0.42481875	0.4045243	0.37741727	0.33747926
-0.7164749	0.7959603	-0.7634664	-0.7430962	0.7444245	-0.8815215	-0.8031938	-0.7273412
0.5499441	-0.57917994	0.6187208	0.53072494	-0.58427835	0.72804886	0.6655121	0.5758938
0.53043824	-0.61079484	0.5662099	0.5664996	-0.62564796	0.6994547	0.6067627	0.6160709
0.32893854	-0.29776728	0.31890887	0.26019308	-0.29724294	0.32053548	0.35507664	0.30378294
-0.15647541	0.13951573	-0.10042126	-0.16965468	0.09488592	-0.12873101	-0.13245127	-0.096068494
-0.64674336	0.6481582	-0.59993654	-0.64163107	0.63102865	-0.7593241	-0.62726235	-0.58986926
0.0050645503	-0.044676647	0.046278577	0.08961286	-0.08933225	0.05732819	0.09701108	0.08034786
-0.028350376	0.08128716	-0.073036455	-0.055733178	0.06744495	-0.08113267	-0.0490692	-0.047399387
-0.17308174	0.15970653	-0.13188718	-0.106604	0.14901687	-0.15168855	-0.15725139	-0.10282287
0.1470361	-0.14120562	0.23231581	0.18792485	-0.18321124	0.19232452	0.16038145	0.1902513
-0.119740166	0.20737442	-0.17104962	-0.18132867	0.11752664	-0.19198778	-0.17155442	-0.16798435
-0.23230618	0.2403736	-0.2638353	-0.2753363	0.22820655	-0.3806042	-0.2730287	-0.22874515
0.31667945	-0.29914084	0.3566651	0.29788935	-0.31703442	0.31668708	0.3130227	0.3378832
0.14716451	-0.07756078	0.07093116	0.08687647	-0.071994424	0.103463426	0.16804048	0.096370965
0.46155706	-0.5170144	0.48030016	0.4151469	-0.4985607	0.51897097	0.51322925	0.47271085
-0.23356155	0.16652368	-0.16027746	-0.16436844	0.13566706	-0.31748924	-0.20921597	-0.151837
-0.31783402	0.38068426	-0.29308864	-0.33654916	0.36116615	-0.43514207	-0.37148649	-0.33525598
-0.117488824	0.11631537	-0.18036796	-0.13973376	0.13966799	-0.2039254	-0.16118321	-0.10782985
0.23803963	-0.24866922	0.34145725	0.28910246	-0.31414387	0.32508653	0.28852654	0.25944412
0.54459614	-0.5310548	0.5979509	0.49364853	-0.51254654	0.5781749	0.6296254	0.5401128
0.69193	-0.7351234	0.7293684	0.63210446	-0.6802519	0.8309509	0.74140704	0.6477188
0.19632454	-0.16440575	0.15724704	0.1794541	-0.15530178	0.1991784	0.19162811	0.17753853
-0.35437027	0.38679826	-0.2873279	-0.31490192	0.3018596	-0.3569899	-0.35735336	-0.3134221
-0.3007851	0.2782411	-0.24858227	-0.2767881	0.28702512	-0.38035935	-0.2801277	-0.3096141
-0.23669602	0.23783188	-0.28172475	-0.277381	0.22591291	-0.2704812	-0.22043268	-0.23602708
-0.13709375	0.19410287	-0.18285401	-0.1305645	0.1451177	-0.2046786	-0.16940121	-0.101596996
-0.57505816	0.560036	-0.5582569	-0.538104	0.5134985	-0.61128753	-0.5541214	-0.5438895
0.36538953	-0.4892941	0.41021416	0.36801875	-0.42893225	0.47195765	0.40049657	0.3813896
0.014761741	0.041550905	-0.015271579	0.026169438	0.00814057	-0.08103869	0.049380243	0.023359595
-0.023562485	0.0711604	-0.033845566	-0.026708588	0.055991042	-0.048999753	0.030179745	-0.060613446
0.0474182	-0.019002184	0.09457531	0.04969364	-0.06822477	0.02946258	0.10185542	0.11066804
0.12057338	-0.0758703	0.06295026	0.046514485	-0.10932043	0.037308354	0.065759525	0.10324368
-0.026946535	0.05912224	-0.053774506	-0.06714998	0.065449	-0.033033613	-0.07103538	-0.0067420835
0.2836052	-0.3496984	0.27297273	0.34177017	-0.34610426	0.31164616	0.3020193	0.27900425
0.36323872	-0.41242835	0.33624822	0.33467028	-0.3301037	0.42245743	0.4251735	0.32756078
-0.19598939	0.2858842	-0.2601489	-0.22372118	0.27311572	-0.24430229	-0.18648174	-0.2721349
0.3502392	-0.3550044	0.3277305	0.39918655	-0.32883292	0.45490512	0.41032	0.4164816
-0.3508827	0.38114932	-0.28633097	-0.33907944	0.3097381	-0.402486	-0.3086986	-0.34843788
0.22081219	-0.17300324	0.16194113	0.22583209	-0.20881589	0.20256348	0.26865017	0.20014568
-0.26547077	0.32400244	-0.22989126	-0.27397576	0.25768164	-0.3200653	-0.325377	-0.2366652
0.08925108	-0.09550438	0.14459465	0.1789904	-0.09966357	0.1155737	0.11253174	0.12202928
0.52288777	-0.48474795	0.48802575	0.4410558	-0.46201405	0.5680268	0.5059396	0.51804966
0.09090054	-0.09189256	0.16678968	0.101487726	-0.102159716	0.14480682	0.17472927	0.11017008
-0.103245035	0.1363709	-0.12609825	-0.096468985	0.069035016	-0.074291624	-0.05477167	-0.13497706
0.5568649	-0.54785573	0.58557814	0.54328316	-0.57948524	0.71098614	0.5956004	0.5489224
0.2831631	-0.31950796	0.30361342	0.28879026	-0.2339956	0.24182917	0.30756432	0.21983704
0.17377053	-0.20753038	0.13830043	0.15842156	-0.21035427	0.17975107	0.20341371	0.19210964
-0.30933684	0.34508744	-0.3307828	-0.37746555	0.31428307	-0.4391704	-0.34261486	-0.3207541
0.00482335	-0.006943699	-0.047136623	-0.023054017	0.029433407	-0.06325942	-0.010392835	-0.0102863
0.55917007	-0.6092371	0.6245219	0.5494285	-0.52938557	0.66974384	0.6661692	0.5967048
-0.39242688	0.40047944	-0.40921706	-0.38416702	0.37637788	-0.44706175	-0.38593456	-0.36715066
0.45778063	-0.5121154	0.50390637	0.45995924	-0.5027016	0.53991085	0.5317292	0.4602769
0.0784593	-0.103606224	0.10804989	0.03377073	-0.07091253	0.042790804	0.124669366	0.06022107
0.22642763	-0.21474597	0.23263639	0.2615127	-0.21818422	0.25976193	0.2326683	0.21733303
-0.030163495	0.07381253	0.012186314	-0.009086767	0.028903775	-0.043871798	-0.022676006	0.025402227
0.4621118	-0.44478172	0.43181646	0.47082418	-0.4750625	0.5011566	0.500417	0.41460544
-0.18705106	0.22799897	-0.23192403	-0.18348268	0.16369745	-0.27585602	-0.20703427	-0.16277066
-0.11941859	0.10935949	-0.093166	-0.109647386	0.1315046	-0.18062457	-0.1343283	-0.09440514
0.5769314	-0.6993294	0.6282165	0.5994301	-0.55923337	0.68543416	0.67514557	0.5782804
-0.19115111	0.2596167	-0.20872639	-0.22947222	0.2300406	-0.2850919	-0.19263826	-0.18468899
-0.148828	0.12624398	-0.12302031	-0.13786708	0.07753253	-0.20944294	-0.0835372	-0.115463115
-0.31096548	0.3949188	-0.30676773	-0.32371986	0.27926522	-0.37796792	-0.2986842	-0.3211751
-0.121592164	0.14311305	-0.16916482	-0.1688339	0.074817464	-0.16419637	-0.16045581	-0.16423553
-0.11869704	0.1654417	-0.21108253	-0.12634845	0.18153168	-0.25857723	-0.18387432	-0.17973419
-0.03950682	0.06309127	-0.02214481	-0.03361194	-0.015242971	-0.0032160797	-0.016877959	0.0048372005
-0.42597896	0.388365	-0.39777535	-0.42028904	0.33679107	-0.427307	-0.4364517	-0.36712393
-0.049440067	0.08385869	-0.11373163	-0.08662775	0.12059663	-0.14812626	-0.04863681	-0.045164645
0.10649127	-0.10955142	0.14633809	0.102777325	-0.08013118	0.048509195	0.11664842	0.078358896
0.3963535	-0.44383058	0.43128616	0.38560143	-0.36339557	0.5323615	0.47153485	0.3856321
-0.09952569	0.19649628	-0.18640052	-0.16936591	0.14428401	-0.22775483	-0.18700823	-0.1726772
0.07094339	-0.019606037	0.08550896	0.026587239	-0.044320446	0.037452627	0.023918942	0.042174507
0.61710584	-0.6479088	0.63675994	0.5862825	-0.675694	0.7132209	0.72358507	0.62204987
-0.7649047	0.8710311	-0.8320541	-0.84524864	0.80368054	-0.89916706	-0.8396541	-0.7623301
-0.043601815	0.12982383	-0.11408138	-0.10141608	0.040782753	-0.07211567	-0.11424749	-0.124325
-0.27938423	0.36504418	-0.28284496	-0.34040615	0.31065658	-0.39821187	-0.308605	-0.2787446
-0.007988344	0.029623505	-0.009967372	-0.013287399	-0.0785523	0.011823436	0.042994358	0.031844072
-0.03285672	0.08830389	-0.05547356	-0.05759086	0.07801933	-0.080328085	-0.082179755	-0.079954445
0.12972938	-0.095126845	0.11029393	0.123039715	-0.122765616	0.10784446	0.12865815	0.100366004
0.18526593	-0.21480536	0.18524249	0.16704753	-0.15560809	0.16343279	0.25954	0.19018058
0.21549952	-0.3083246	0.2643882	0.23128366	-0.2202726	0.29799056	0.2601837	0.3051739
-0.025504177	0.013803311	-0.06086421	-0.021757662	-0.0042238403	-0.028825076	0.011610206	0.023126703
-0.13057597	0.22820675	-0.17023991	-0.16767284	0.16491857	-0.21004876	-0.12689845	-0.12002824
-0.32814837	0.3489488	-0.38289472	-0.31554383	0.3311671	-0.3531733	-0.30686575	-0.37958443
-0.041854486	0.031980082	-0.029919062	-0.07156343	-0.009725029	-0.08693767	0.010445278	-0.06927963
-0.5281267	0.5783091	-0.5080393	-0.5257938	0.5180926	-0.63234925	-0.53295743	-0.5291685
0.38349658	-0.35152248	0.35764226	0.38113144	-0.34545508	0.45344383	0.4154228	0.3380145
-0.12950313	0.092948616	-0.098349676	-0.06437421	0.07584316	-0.12225385	-0.093402624	-0.028859938
0.48322648	-0.49393046	0.5240575	0.5038955	-0.51006293	0.60744697	0.54551405	0.46746212
-0.25512815	0.2729158	-0.26897526	-0.19622856	0.21312442	-0.3746784	-0.24172351	-0.22646567
0.572544	-0.69169647	0.6140668	0.65060323	-0.6207433	0.7526606	0.7351948	0.6811903
-0.23632915	0.25488317	-0.2554863	-0.24491291	0.24392463	-0.25181487	-0.29608482	-0.286062
0.31193984	-0.3752159	0.32317746	0.3233112	-0.32259426	0.34761575	0.34713367	0.33059853
0.0035943766	-0.07073267	0.08551834	0.087935284	-0.026751839	0.0012700245	0.073662356	0.027144771
-0.46338856	0.42903608	-0.37704447	-0.43329427	0.37530825	-0.47438365	-0.39455384	-0.4031536
0.13306764	-0.14423746	0.15162817	0.15375356	-0.15374361	0.13864401	0.109634586	0.16669254
-0.1519612	0.1145	-0.124275975	-0.10247126	0.089174554	-0.20355684	-0.0858305	-0.064302005
0.53548545	-0.65615034	0.63446003	0.520785	-0.58698416	0.72550654	0.6637813	0.54935384
0.46983907	-0.481126	0.50251454	0.50861377	-0.49572632	0.47732458	0.46829396	0.4261029
-0.7370587	0.7743852	-0.7026108	-0.67340446	0.66953397	-0.8205575	-0.74949926	-0.7224082
0.46234196	-0.5364396	0.48065683	0.45006937	-0.5149387	0.5200226	0.5408706	0.45277745
-0.26661885	0.20085163	-0.18320572	-0.2342931	0.24702235	-0.27998945	-0.20727742	-0.19261451
0.50172	-0.5042965	0.47020033	0.4253793	-0.45793968	0.48190325	0.48389283	0.4784901
-0.29797602	0.3018008	-0.22522242	-0.2862317	0.19371802	-0.34107688	-0.2716737	-0.2559634
-0.42091742	0.45432124	-0.4643445	-0.45014966	0.38483986	-0.596749	-0.43641132	-0.4854928
-0.19150794	0.15334818	-0.18046519	-0.18524992	0.1480214	-0.24944042	-0.20822388	-0.13454835
-0.37342364	0.38532063	-0.35936964	-0.39609066	0.43714383	-0.45302466	-0.38217077	-0.35978827
0.37405393	-0.4489102	0.38809437	0.40717053	-0.34544215	0.45973927	0.4009663	0.43656808
-0.41469324	0.4283552	-0.46907577	-0.38372895	0.4058376	-0.44601917	-0.40707573	-0.44147658
0.1932303	-0.20083028	0.21655518	0.2383824	-0.27392408	0.2370226	0.29482123	0.24065213
0.40530503	-0.34378785	0.34681356	0.4148681	-0.3833463	0.42159718	0.3585352	0.3891467
0.34405375	-0.37389296	0.30359957	0.3407806	-0.33396605	0.3921909	0.3611632	0.3600099
-0.5210969	0.5486911	-0.5204525	-0.55535847	0.52944434	-0.6153414	-0.55385965	-0.49231887
0.6149338	-0.6885465	0.6775484	0.63002604	-0.62291145	0.7332219	0.70976794	0.6351994
-0.28519064	0.33142176	-0.28999084	-0.25356942	0.22597003	-0.3885473	-0.3388639	-0.2222143
-0.059876475	0.13646343	-0.08927926	-0.082694486	0.065442	-0.17442672	-0.048009995	-0.13025169
0.09191353	-0.09250346	0.10502717	0.11819865	-0.14347604	0.14691971	0.11619976	0.16801468
0.5876332	-0.5697069	0.5399849	0.5786124	-0.59123164	0.74178857	0.6669409	0.53476506
0.16426808	-0.15750213	0.22395559	0.16369325	-0.12740797	0.16808794	0.21361007	0.15219839
0.511813	-0.4838269	0.480347	0.513556	-0.5435452	0.59420776	0.5840346	0.46971205
-0.23599826	0.2861965	-0.25058672	-0.24998064	0.16616714	-0.25647226	-0.20619154	-0.21582247
0.021765344	0.032688834	0.040484026	-0.038363434	0.030592514	-0.0123956315	0.019104764	-0.042361207
0.5319356	-0.61874235	0.646018	0.5348055	-0.6240367	0.7727138	0.66544163	0.57638454
-0.07726829	0.13052773	-0.052024297	-0.13424048	0.095395274	-0.14354038	-0.070497654	-0.069643535
0.036289394	0.02332669	0.03017242	0.06876532	-0.06651287	-0.02201692	0.05140003	0.037691694
-0.3698325	0.41140652	-0.33244023	-0.3931083	0.3728337	-0.41120845	-0.33661258	-0.3646413
-0.27067867	0.2925978	-0.2979657	-0.29379144	0.24672087	-0.31416222	-0.28528085	-0.27125672
-0.28512958	0.31286383	-0.2641703	-0.31540182	0.29274926	-0.30823976	-0.24422322	-0.30371544
0.26092178	-0.27588907	0.27588812	0.24986932	-0.34009168	0.3747569	0.3283235	0.28117466
0.38045397	-0.4385353	0.37567508	0.3628255	-0.3685775	0.48738867	0.40229255	0.34975284
-0.1090532	0.10577097	-0.111313425	-0.097073525	0.07242472	-0.16395636	-0.08383795	-0.13896249
0.08344926	-0.09692082	0.052342035	0.08988548	-0.1047763	0.054076318	0.047965817	0.10714814
0.033129025	0.03973794	0.021545662	-0.047674134	-0.008281497	-0.09265435	0.027084872	0.025689678
0.44695723	-0.44962427	0.44180018	0.38129935	-0.3984476	0.44883314	0.41354784	0.4115925
0.39307472	-0.34577158	0.36173633	0.38054845	-0.37737668	0.42890856	0.41304553	0.38053575
-0.02354131	0.033436015	-0.026385969	-0.06799395	0.017156225	-0.027242262	-0.0061318013	-0.042617705
-0.1161943	0.1596619	-0.1434773	-0.17078777	0.13444695	-0.15552747	-0.18137147	-0.14085564
0.09684455	-0.046115436	0.065877	0.08174836	-0.06432862	0.032622445	0.06011727	0.09097524
-0.11444077	0.1270662	-0.13705479	-0.15270832	0.11725369	-0.18892436	-0.1133296	-0.10565101
-0.61135095	0.6042242	-0.528866	-0.6012161	0.59015256	-0.6811386	-0.55426085	-0.5620693
-0.19609486	0.1900243	-0.18744797	-0.18327515	0.20810224	-0.2039021	-0.22834283	-0.16992642
0.10271533	-0.05169528	0.07187182	0.12179029	-0.07642	0.04762907	0.081914164	0.10389495
0.38414925	-0.48041213	0.49135983	0.46950263	-0.43897277	0.5241185	0.49383703	0.46554056
0.2403571	-0.31186685	0.27422252	0.2717315	-0.25341257	0.25140128	0.26778504	0.20638143
-0.20168471	0.20994823	-0.22319199	-0.25374216	0.24282122	-0.2698032	-0.2660833	-0.19418648
-0.14098962	0.13629085	-0.1081928	-0.19811611	0.12709257	-0.19568034	-0.1541327	-0.18652417
-0.17406684	0.11243074	-0.15320829	-0.1343675	0.14296928	-0.21358106	-0.14481172	-0.11979335
0.18421443	-0.17347348	0.16814336	0.1506829	-0.20360376	0.2579394	0.17906801	0.23873018
0.061685782	-0.0017064965	0.0021649343	0.03592559	-0.011368527	0.01847035	0.0060706874	0.012696127
0.5816904	-0.7177894	0.68486524	0.6134463	-0.60532874	0.7805243	0.7404543	0.66544324
0.09237035	-0.12473828	0.10949072	0.110875905	-0.070560105	0.049346425	0.108759865	0.065968186
-0.35665366	0.3482656	-0.33453938	-0.29436058	0.35574546	-0.42413798	-0.3444533	-0.3064513
0.5297202	-0.546649	0.51644695	0.5190508	-0.5024074	0.631123	0.5279199	0.5527841
-0.15239409	0.06436081	-0.121329874	-0.074737184	0.071337774	-0.17312154	-0.06891292	-0.08824398
0.507965	-0.60509545	0.55642563	0.4786532	-0.55579865	0.5906558	0.5508062	0.57764953
-0.19030909	0.18609275	-0.17351846	-0.18964516	0.20561635	-0.2459382	-0.17195725	-0.23575224
0.5626526	-0.555566	0.5264105	0.5321096	-0.5620642	0.61354333	0.6099092	0.52495134
0.11917089	-0.16414294	0.17981808	0.1975014	-0.15033647	0.17059909	0.16046473	0.1950618
0.22115655	-0.25746498	0.29191372	0.2532919	-0.2584037	0.32317942	0.32465842	0.29081634
-0.39220378	0.39797536	-0.3637126	-0.4031943	0.32644123	-0.38060108	-0.31255826	-0.32730708
0.22216436	-0.22105661	0.23733447	0.20436262	-0.2692586	0.28725302	0.29697976	0.2813392
-0.61651325	0.7215001	-0.6551582	-0.6104201	0.5979841	-0.7125023	-0.6891845	-0.6795689
-0.26430866	0.25999996	-0.23752011	-0.22031434	0.21936943	-0.23061028	-0.25843757	-0.20567755
0.48695657	-0.52507293	0.55743074	0.4858092	-0.48992145	0.6024538	0.5626615	0.5530114
-0.20991576	0.22498551	-0.25585046	-0.20204751	0.22796875	-0.30786315	-0.19979675	-0.18649885
0.5508855	-0.55059993	0.48828688	0.46990198	-0.48393378	0.5605743	0.53142214	0.53140247
0.049198765	-0.0061249663	0.048538778	0.03656497	0.009521682	-0.047585223	-8.0920625e-05	0.045299444
-0.20937374	0.18452433	-0.21366973	-0.19224049	0.19162816	-0.2845579	-0.19772077	-0.19772139
-0.24584012	0.2142661	-0.20385042	-0.19481333	0.2577036	-0.2731608	-0.27107367	-0.19632094
0.07670098	-0.11059539	0.17304638	0.112922296	-0.12485797	0.11118151	0.14800222	0.095676884
-0.18537684	0.13160656	-0.17948592	-0.1457663	0.1448071	-0.19246762	-0.1708543	-0.1493447
-0.31363913	0.31896916	-0.31261778	-0.31330708	0.2642692	-0.3492529	-0.27524972	-0.2654999
0.0936731	-0.09312126	0.1087585	0.062983185	-0.12078012	0.028222913	0.08320615	0.0756016
0.5729766	-0.5675595	0.60065866	0.5691192	-0.5998923	0.6918308	0.6087317	0.5684033
-0.21411829	0.15683821	-0.14309305	-0.14796986	0.13074586	-0.19177859	-0.14265662	-0.19753565
0.026429169	0.024673607	0.018523877	0.030298997	-0.065887585	-0.03760974	0.033792425	-0.010207072
0.03527372	0.022697857	0.02832549	-0.02354314	0.0015235923	-0.0105437655	0.041630764	-0.04181264
-0.26213828	0.30485338	-0.21875975	-0.25920865	0.21681124	-0.30169994	-0.2680892	-0.30040434
0.71345633	-0.69832534	0.66306525	0.68795484	-0.63061595	0.80287236	0.77981156	0.72432864
0.57269835	-0.5744739	0.58743006	0.56569576	-0.50298214	0.6216539	0.5569877	0.59698164
-0.10665711	0.08399588	-0.13073729	-0.06761607	0.08274748	-0.13214931	-0.07762774	-0.075593084
-0.4758513	0.47367054	-0.44642398	-0.46021494	0.43829244	-0.57759744	-0.4988437	-0.49238986
0.20964018	-0.20971942	0.15555549	0.11751952	-0.14502011	0.14546193	0.17782137	0.1260915
-0.48546013	0.51344645	-0.4452545	-0.4958752	0.530671	-0.53160554	-0.5163795	-0.528952
-0.037836652	0.050386906	-0.02567514	-0.034195963	0.047137696	-0.046761625	-0.027887633	0.014222735
-0.30463943	0.3539109	-0.26119828	-0.27164543	0.29160333	-0.39182717	-0.28483778	-0.27888516
-0.05014102	0.15417172	-0.10502047	-0.13399516	0.09863492	-0.13092637	-0.12723601	-0.09919383
-0.2616616	0.25712878	-0.24655892	-0.270538	0.26469755	-0.325347	-0.22269008	-0.26123065
-0.3646609	0.38231748	-0.2950761	-0.33250707	0.35457647	-0.4045133	-0.34106758	-0.36240187
-0.042548154	0.013292954	-0.044916898	-0.017895488	0.008041017	-0.118656084	-6.777498e-05	-0.06616139
0.36139885	-0.31850377	0.3602549	0.33510363	-0.324643	0.34009042	0.38020998	0.36246818
0.15497756	-0.077279635	0.13974972	0.13204929	-0.10816471	0.14838271	0.14996286	0.094103105
-0.17275243	0.20765232	-0.15129507	-0.17063613	0.21566673	-0.23270322	-0.19651482	-0.14846516
0.1295141	-0.21931837	0.14618944	0.12516493	-0.1423131	0.20309924	0.23520385	0.13944767
0.29746845	-0.34628093	0.33340827	0.35015908	-0.32252395	0.3892969	0.3828046	0.3560458
-0.112619646	0.13930358	-0.1271515	-0.098700464	0.04690499	-0.1402338	-0.043560896	-0.11374817
-0.122917876	0.15156294	-0.20154649	-0.19760796	0.11172047	-0.17797929	-0.15410446	-0.14660883
0.6025867	-0.64693934	0.65373063	0.59572965	-0.5458761	0.6755576	0.65326583	0.58316076
0.7120908	-0.81990063	0.7676435	0.71500933	-0.74761	0.9148149	0.8048902	0.7549552
0.49573737	-0.46670395	0.4614599	0.43669683	-0.4493641	0.5092022	0.48460144	0.4275272
-0.036927145	-0.008545234	-0.017244203	-0.022095658	0.020338994	-0.0646927	0.04052961	-0.013080901
-0.1763703	0.13434446	-0.13581711	-0.108096495	0.09857418	-0.13344355	-0.17208065	-0.13923022
0.3310466	-0.37243277	0.38859236	0.35462958	-0.3335578	0.46307606	0.43205416	0.4258088
-0.3671437	0.32948667	-0.3813119	-0.37147373	0.37442046	-0.45783642	-0.35526988	-0.29635236
0.4873545	-0.52433866	0.45956534	0.43477467	-0.442251	0.5160411	0.4799443	0.5138421
0.07044273	-0.032571785	0.041040953	0.090170465	-0.013077169	0.01853754	0.09879449	0.059650086
0.44978827	-0.50242174	0.4917827	0.42986554	-0.47520483	0.59244066	0.48962322	0.4657552
0.26881093	-0.34272704	0.31304276	0.30874923	-0.2786197	0.39752617	0.31387538	0.3016496
-0.08157887	0.124693714	-0.15514295	-0.14512555	0.06435566	-0.12605006	-0.1296486	-0.07197439
0.30055135	-0.36206105	0.33987936	0.24455553	-0.28663808	0.40427804	0.34123912	0.28550547
0.56421757	-0.56183594	0.56078583	0.5410782	-0.5845454	0.6908665	0.5901588	0.5248031
-0.33348438	0.32109174	-0.34677586	-0.30790538	0.27578795	-0.38590592	-0.2601875	-0.24836273
0.4337112	-0.45282838	0.40783125	0.39860162	-0.4561194	0.49483895	0.5338339	0.4923616
0.27220225	-0.28564388	0.25968558	0.29400906	-0.32811618	0.32081604	0.32144365	0.26145115
0.48578858	-0.5477557	0.5336143	0.499277	-0.47171786	0.53411716	0.56522477	0.44765708
0.06111564	-0.14067778	0.09889615	0.13921817	-0.10173527	0.100327924	0.13953814	0.06484158
0.5062242	-0.5785063	0.5673062	0.52965105	-0.59056413	0.67349577	0.59937525	0.5979553
-0.2665391	0.2820049	-0.245746	-0.33212543	0.29968402	-0.3808398	-0.29030728	-0.28676742
0.32573405	-0.38981357	0.31589365	0.34628972	-0.28572387	0.35356322	0.32704666	0.31757838
-0.30425075	0.40964413	-0.31610838	-0.3223948	0.26998886	-0.4266545	-0.2979844	-0.36286962
-0.45949408	0.48349997	-0.4934768	-0.512824	0.47917545	-0.48542264	-0.47322077	-0.44110018
0.0545696	-0.11157425	0.12403069	0.039707016	-0.041637447	0.1216504	0.07287609	0.0462969
-0.55883914	0.5194341	-0.54252166	-0.5169154	0.492713	-0.55583096	-0.5459045	-0.49030438
0.478161	-0.48255774	0.48285225	0.43303093	-0.42146006	0.49019825	0.4601112	0.41955394
-0.49491528	0.46411633	-0.4931476	-0.47071242	0.46103337	-0.53516954	-0.4340166	-0.42819577
0.24066645	-0.23195294	0.1869325	0.27293575	-0.23176092	0.26967806	0.22072496	0.22828811
-0.10456139	0.10042051	-0.08276183	-0.10467833	0.09725628	-0.10997647	-0.06448532	-0.10344786
-0.35287562	0.3932412	-0.42265633	-0.37449318	0.43109012	-0.5117757	-0.39615977	-0.40237606
-0.45422265	0.5476172	-0.46841562	-0.47552866	0.43495235	-0.547849	-0.45117068	-0.44465253
-0.06665463	0.084006675	-0.09105624	-0.07979688	0.08218255	-0.12362697	-0.06769891	-0.03649776
0.016150255	-0.015220319	0.011766243	-0.051776666	0.025755065	-0.09082407	0.026840722	0.0065207714
-0.17227592	0.21977758	-0.2028733	-0.23023821	0.20696168	-0.23268487	-0.1936933	-0.16374236
-0.4878916	0.49001104	-0.53793496	-0.5591138	0.5463368	-0.6392663	-0.5222372	-0.47689945
-0.20364478	0.22053543	-0.16470297	-0.133242	0.11677231	-0.2474664	-0.16593987	-0.16471876
0.42392018	-0.46234393	0.43978414	0.45722884	-0.380515	0.5469486	0.5135216	0.4128091
0.037934005	-0.013328156	-0.0014599506	-0.0013461388	0.0083379755	0.0075451327	-0.013295085	-0.014416343
-0.5176233	0.53519	-0.43379357	-0.43711045	0.46577832	-0.5971246	-0.51625216	-0.4842678
-0.19530912	0.2468433	-0.21693005	-0.15598835	0.14910237	-0.2277027	-0.16789262	-0.18693958
0.04477945	0.0003597889	0.013872526	0.052857354	-0.014071726	0.057319384	0.04905401	0.009325784
-0.1129797	0.09425278	-0.10066715	-0.10077032	0.035491664	-0.0894582	-0.08460668	-0.071810246
0.012415021	-0.06445769	0.06906693	0.053465128	-0.10776939	0.09960395	0.09892199	0.10578913
-0.2389033	0.29053482	-0.24551512	-0.27730128	0.18669154	-0.25533912	-0.1988922	-0.2699963
-0.40726727	0.43625003	-0.39913598	-0.39295194	0.32548252	-0.44149566	-0.42996767	-0.40775415
-0.12554848	0.08591076	-0.09337847	-0.084990986	0.08061727	-0.11673975	-0.084449425	-0.09489304
0.3255935	-0.31274706	0.2639681	0.3223164	-0.29445326	0.33086732	0.2895548	0.3515122
-0.5422505	0.52727556	-0.52580434	-0.5374545	0.52263695	-0.62353164	-0.50218797	-0.53399485
-0.5695046	0.5293116	-0.53122383	-0.5181005	0.55256814	-0.64246994	-0.57509947	-0.57872623
0.63873065	-0.7041165	0.5921743	0.6281476	-0.6196029	0.7244878	0.71444887	0.6682232
0.431033	-0.45650682	0.5110548	0.45880952	-0.45127934	0.48491755	0.5349587	0.46518588
-0.031206843	0.036190484	0.0017079262	0.020676017	0.03314214	-0.062807366	-0.009746677	-0.00024411886
0.32927966	-0.31155553	0.30674148	0.30988103	-0.31622595	0.3784755	0.36889234	0.36652762
-0.25089473	0.20204103	-0.21416308	-0.27711678	0.1905021	-0.29350376	-0.26620647	-0.2605825
-0.15235072	0.17338666	-0.14287311	-0.11862428	0.113704935	-0.12951607	-0.09092808	-0.14646372
-0.42233542	0.41960207	-0.4702931	-0.41383675	0.3871046	-0.5173043	-0.40004992	-0.42467102
-0.3034584	0.333191	-0.31928006	-0.351498	0.33123374	-0.40150717	-0.32857957	-0.3367108
-0.308231	0.39384046	-0.31955364	-0.2740638	0.2902633	-0.4235047	-0.37719458	-0.3552498
-0.16553368	0.17119502	-0.18626747	-0.18277025	0.14758861	-0.22463116	-0.14891453	-0.18456078
0.13765429	-0.19457623	0.11677875	0.17953026	-0.1661517	0.16515596	0.11524374	0.15663266
0.25477526	-0.26620692	0.27642262	0.2703839	-0.3154804	0.3146793	0.30551332	0.26422146
-0.11755371	0.11023932	-0.12360471	-0.10018133	0.06626887	-0.15483949	-0.1106601	-0.11707576
0.07601084	-0.05070112	0.014934811	0.085999	-0.075398326	0.0045618275	0.006895699	0.026727835
-0.07291183	0.12207111	-0.14368892	-0.06735486	0.08782888	-0.16526073	-0.0905283	-0.14412983
-0.21096496	0.2172052	-0.14066492	-0.17402866	0.11512318	-0.1992426	-0.19302925	-0.1378779
-0.21808825	0.25014624	-0.21637718	-0.22486894	0.17789596	-0.23610394	-0.23509492	-0.1600519
-0.19076642	0.14756046	-0.18139566	-0.1668047	0.10846296	-0.19832732	-0.10391737	-0.10322692
0.07813252	-0.075870775	0.036570244	0.095263615	-0.058650564	0.055172417	0.060151853	0.08412128
-0.05015113	0.011415099	-0.0024528308	-0.017349536	-0.05210716	-0.020341298	0.030757006	0.040260028
0.04968369	-0.05473277	0.07289709	0.114069864	-0.04609882	0.08024215	0.10177981	0.086401336
0.11941928	-0.12552842	0.17998724	0.14544469	-0.14887112	0.08376661	0.1255383	0.117372945
0.1591885	-0.12351842	0.09849345	0.116434336	-0.09923613	0.11391587	0.19939996	0.16192782
0.07248867	-0.083610974	0.11680881	0.060775124	-0.03298268	-0.007287068	0.06599017	0.07674566
0.1260254	-0.113663286	0.123197176	0.12163082	-0.08857806	0.13502349	0.062921226	0.13818578
0.24125884	-0.2737224	0.28843662	0.22882524	-0.26542687	0.28979033	0.31070355	0.27777734
-0.14189439	0.19148107	-0.22644293	-0.21486579	0.1839382	-0.22666109	-0.16564584	-0.21117687
0.46551356	-0.44808286	0.46244973	0.39907306	-0.4398671	0.56379235	0.4849974	0.4108467
0.4162482	-0.45608118	0.37269044	0.37004718	-0.37899992	0.44469252	0.38784197	0.40506306
-0.35812187	0.3752848	-0.40243074	-0.40750125	0.40209103	-0.43800566	-0.3892263	-0.32815623
0.027832879	-0.019656757	-0.0009878866	-0.0115430495	0.0013354863	-0.0072821137	-0.053534552	-0.014594672
-0.25574088	0.21404526	-0.26605085	-0.19570802	0.28061205	-0.24821872	-0.2903959	-0.20165977
-0.02000974	-0.015921807	-0.013618781	-0.049375173	0.006401097	-0.0755903	-0.044221897	-0.008860159
-0.1056222	0.13793686	-0.15201627	-0.1124282	0.054544378	-0.16647433	-0.07995387	-0.07990886
-0.10205624	0.05174199	-0.1119751	-0.075476855	0.11987073	-0.0767405	-0.07783351	-0.054945763
-0.30439284	0.31922257	-0.2669832	-0.2364455	0.24185656	-0.3444571	-0.26368937	-0.25174433
-0.27623224	0.34807843	-0.34018493	-0.28946853	0.27137718	-0.31434873	-0.2703932	-0.28314003
-0.54894036	0.6265682	-0.6047888	-0.57540077	0.5381855	-0.6008823	-0.5441251	-0.53273773
0.017272983	-0.011350891	0.058343377	0.03172242	-0.021692578	-0.008854596	0.07664201	0.030331258
-0.15392739	0.2123587	-0.1842196	-0.14679034	0.14955215	-0.23282488	-0.19278513	-0.22129136
-0.026472965	0.019322468	-0.023712806	-0.034547765	0.034586348	-0.00738987	0.035138257	-0.043343347
0.09375445	-0.17689292	0.08817452	0.12273402	-0.10941474	0.12193924	0.09878796	0.11670442
0.09133984	-0.07318076	0.08468251	0.16005217	-0.17960666	0.16400562	0.17708564	0.094126895
-0.23432918	0.28381726	-0.2158981	-0.21825872	0.19620998	-0.3332395	-0.2550338	-0.18834037
-0.100628935	0.094075695	-0.014621174	-0.049916685	0.017048275	-0.108593106	-0.09594806	-0.040047754
0.15153241	-0.21085142	0.22989379	0.2293499	-0.24882011	0.312618	0.22930586	0.22083066
0.24333416	-0.26725814	0.25238463	0.21012293	-0.20130144	0.29877952	0.29858327	0.21125764
0.08347842	-0.11165128	0.07799043	0.11591327	-0.0680173	-0.013012239	0.1187314	0.12463933
0.40912676	-0.48603976	0.41692346	0.478302	-0.48252812	0.5609816	0.54727536	0.42404217
0.2280332	-0.26358625	0.27558082	0.22359891	-0.19689938	0.21165334	0.25146285	0.2255398
0.3301487	-0.36022806	0.30070516	0.3029657	-0.32015347	0.34272426	0.30111712	0.32050276
0.07683681	-0.020982217	0.097935535	0.037570048	-0.05378976	0.049171116	0.08097729	0.07961039
-0.35408118	0.37045395	-0.37043667	-0.31778413	0.38943052	-0.38218084	-0.30846226	-0.36375433
0.18729983	-0.2221518	0.25043434	0.18869129	-0.18075861	0.26359645	0.26624113	0.20980595
0.12382244	-0.13525891	0.14838192	0.14815995	-0.13886961	0.08386742	0.14410299	0.13471267
0.024630286	0.013235337	0.020718824	-0.024745567	-0.04519809	0.00034431444	-0.02406613	0.031569596
0.23245938	-0.27998552	0.29579118	0.24616545	-0.20666014	0.27681953	0.29385984	0.20310685
-0.15963702	0.09686473	-0.0879822	-0.17696562	0.11937786	-0.22076648	-0.1444592	-0.08908837
-0.19714992	0.16929767	-0.1552588	-0.19291778	0.14194036	-0.2560757	-0.19670554	-0.1475491
-0.22284153	0.17577311	-0.16809627	-0.20310453	0.20121612	-0.26156875	-0.22518028	-0.21709782
0.3821837	-0.48819625	0.44240335	0.43467438	-0.4216792	0.52264917	0.4991015	0.4439356
-0.35511437	0.3568398	-0.2684739	-0.30485052	0.28220263	-0.36599633	-0.34718865	-0.32547987
-0.0922989	0.072190024	-0.058917817	-0.046358306	0.111567974	-0.10036297	-0.048510514	-0.110427916
0.18984522	-0.21755303	0.29040834	0.22867298	-0.21356028	0.25927877	0.25936273	0.29092216
0.3837203	-0.44583672	0.36407897	0.41972488	-0.37312445	0.45921212	0.369549	0.37376696
0.08880668	-0.091103695	0.10054746	0.05495299	-0.0349234	0.050827865	0.049154937	0.059980303
-0.22575922	0.2728293	-0.16119246	-0.2087763	0.24527358	-0.25538558	-0.25588593	-0.16025111
-0.10824926	0.12753232	-0.051959675	-0.12182425	0.12110744	-0.17504266	-0.09409982	-0.0484186
0.36424068	-0.39214626	0.39533618	0.30547777	-0.37736806	0.43429223	0.3892068	0.3109761
0.22674175	-0.26205313	0.17607424	0.18983202	-0.23995282	0.2284722	0.22636259	0.24593079
0.16294536	-0.1585153	0.11947544	0.093925975	-0.16009507	0.18021597	0.18623444	0.10691895
-0.011473076	0.03205231	-0.03159699	0.011864483	0.05591289	-0.04200426	-0.010174089	-0.026935572
0.04749671	-0.06786053	0.013541852	0.09526606	-0.059776593	0.046953678	0.08686297	0.0471414
-0.09810781	0.029897483	-0.08679875	-0.07249059	0.015489793	-0.11301278	0.0017108483	-0.0039451765
-0.012109832	-0.06297013	0.030174376	0.07477931	-0.015328512	0.037572768	0.0038246133	0.02997401
-0.09191262	0.1286677	-0.10715524	-0.07754564	0.066139095	-0.16342203	-0.06320867	-0.12659502
-0.078265764	0.117135204	-0.07157752	-0.01949515	0.015646085	-0.10680531	-0.06139546	-0.05240812
-0.013173986	0.0052155447	0.07390098	-0.01536889	-0.041517846	0.025347568	-0.0056176553	0.048099246
-0.3600389	0.32926193	-0.32662162	-0.31489792	0.34494582	-0.37729675	-0.3849907	-0.32760936
-0.32707927	0.3213479	-0.31638473	-0.28566238	0.27677053	-0.355278	-0.3393666	-0.30058718
-0.27808055	0.24784443	-0.2854177	-0.267101	0.24304606	-0.29238316	-0.22906792	-0.24696934
-0.22316101	0.3129379	-0.3016342	-0.28382528	0.2725113	-0.3383927	-0.2404245	-0.30633557
-0.07803055	0.09896676	-0.031789713	-0.053927932	0.11139801	-0.050178465	-0.041754134	-0.051927533
-0.30231497	0.24433489	-0.25875148	-0.24108998	0.24131061	-0.30378616	-0.29295015	-0.30466297
-0.5570012	0.5578978	-0.51505333	-0.509628	0.5415641	-0.6461343	-0.5777261	-0.5465292
-0.40477714	0.39255735	-0.40835088	-0.30413532	0.3355325	-0.4190473	-0.35114416	-0.40165254
-0.28571635	0.30729172	-0.2620737	-0.27479994	0.2016186	-0.3067877	-0.21466379	-0.260576
-0.562256	0.5833672	-0.48202747	-0.56315935	0.5326705	-0.5373212	-0.5470972	-0.49311876
-0.27196142	0.32609385	-0.21192627	-0.25038773	0.20251398	-0.36107406	-0.26157913	-0.27963975
0.4407332	-0.50595355	0.44847387	0.4375018	-0.49871734	0.54135513	0.49378887	0.47052428
0.42660928	-0.49524856	0.40898702	0.40611425	-0.39496797	0.44863957	0.45709506	0.4184033
-0.047768816	0.02711199	0.0060405964	-0.015073709	-0.035884198	-0.05780629	0.044194236	0.040332116
-0.032621257	0.09323395	-0.071794055	-0.050328396	0.05361766	-0.028080998	-0.07781528	-0.059797302
-0.2239263	0.2460229	-0.18715918	-0.22355136	0.24562623	-0.30370155	-0.26964542	-0.23772076
-0.6337009	0.6165131	-0.62219614	-0.61353487	0.6228621	-0.7128452	-0.6703749	-0.6694794
0.090237975	-0.14866106	0.069193676	0.15472588	-0.08803077	0.06975658	0.10862709	0.1570734
-0.35481012	0.341257	-0.3158139	-0.37614378	0.29730892	-0.380278	-0.35623288	-0.30152395
0.50337434	-0.51704794	0.47227246	0.50134146	-0.47574893	0.5952318	0.58333915	0.4951831
-0.10188869	0.10527806	-0.110108316	-0.08961466	0.03705933	-0.12195277	-0.06892098	-0.086022355
0.026143782	-0.020156363	0.09180343	0.056635283	-0.035202015	0.04307005	0.094840616	0.07464984
0.6158005	-0.59627146	0.6659011	0.6307404	-0.5924172	0.72555405	0.65096086	0.5973238
-0.32581425	0.32995507	-0.2935035	-0.33750412	0.27979854	-0.38573703	-0.3027001	-0.24045096
0.1625415	-0.13489863	0.14673999	0.1364966	-0.15135986	0.09974603	0.08509753	0.16051699
0.030461436	-0.058281235	0.011758977	0.031267673	-0.016533159	0.026583884	0.056017935	0.0052425982
0.5905019	-0.6259092	0.62602687	0.5284002	-0.56199324	0.6598467	0.60282606	0.5878755
0.16175878	-0.15464918	0.09823966	0.09492969	-0.0838452	0.14097974	0.12730336	0.13078855
0.38573766	-0.34247217	0.35425347	0.29803476	-0.30016717	0.37683585	0.32470536	0.33628786
0.0014856926	0.09293871	-0.041745167	-0.084874816	0.080344826	-0.03298122	-0.045031685	-0.07908478
0.25886515	-0.21626824	0.21911156	0.22025155	-0.21222685	0.28202257	0.21093884	0.24440031
0.014171506	-0.00042523016	-0.007575193	-0.06299862	0.053569686	-0.029751996	-0.012226303	0.0075019742
-0.07832718	0.14176202	-0.09329473	-0.08711929	0.15226114	-0.17617875	-0.10290614	-0.1533072
0.029536085	-0.07143192	0.07199301	0.07052543	-0.08722463	0.03400155	0.022761226	0.04345417
-0.39493537	0.38607875	-0.37857926	-0.33671662	0.3568163	-0.414789	-0.3906028	-0.35311976
-0.0042894003	-0.012593108	0.05736292	-0.009394537	-0.046080425	-0.042222157	0.024391783	0.039356366
0.15801041	-0.22282141	0.25083542	0.23725209	-0.19823	0.16575521	0.1845187	0.22650902
0.043107264	-0.12765835	0.10177128	0.041380346	-0.08979293	0.07801681	0.05188795	0.05345595
-0.25314367	0.25186646	-0.29066077	-0.2253228	0.21495946	-0.3528687	-0.25777414	-0.26006687
-0.2705689	0.22825149	-0.25074732	-0.2449537	0.18800937	-0.25378183	-0.23108375	-0.24559951
0.3137568	-0.26830575	0.29074857	0.27476358	-0.2851757	0.3243562	0.3562478	0.27598566
0.13268921	-0.16763812	0.1454631	0.12975809	-0.10127925	0.0851868	0.17110443	0.13284346
0.12158612	-0.104790755	0.07525186	0.048750795	-0.0565794	0.06714466	0.06990152	0.06077032
0.15525098	-0.1702907	0.12240824	0.17113674	-0.1976785	0.16682664	0.1456055	0.13250613
0.1346338	-0.14143898	0.17172652	0.12845372	-0.12845114	0.09004977	0.10718475	0.14042155
-0.4238439	0.437038	-0.4475249	-0.40770206	0.41560474	-0.52418756	-0.43073836	-0.43600145
-0.5213265	0.50786084	-0.5130135	-0.5128584	0.42833668	-0.5490391	-0.52823865	-0.455603
-0.066571034	0.061264962	-0.04796968	-0.03631645	0.069249116	-0.11080362	-0.08880692	-0.00010684958
-0.29040316	0.3719583	-0.29369533	-0.31868023	0.3359653	-0.37164026	-0.2995708	-0.29629347
0.08082997	-0.0229164	-0.012248857	0.03383763	-0.0039209113	0.058814205	0.039619394	-0.0072380947
0.23417933	-0.26296213	0.2705914	0.25032237	-0.255689	0.27152726	0.24409372	0.2702473
-0.35194683	0.34180358	-0.33681145	-0.26635054	0.28560093	-0.3618462	-0.30326143	-0.34999463
-0.053522233	0.07644616	-0.032796804	-0.015251108	-0.002070548	-0.054910876	0.009015997	-0.019520277
-0.37812945	0.40358126	-0.32627103	-0.30992833	0.342203	-0.45486236	-0.35801783	-0.34978318
-0.20749237	0.2691234	-0.20033193	-0.22365922	0.20645025	-0.25898	-0.23119193	-0.25884783
-0.22849494	0.26437315	-0.24405216	-0.28736752	0.2641333	-0.26236123	-0.29888237	-0.29959038
-0.14693946	0.08185314	-0.06955787	-0.116714045	0.12235913	-0.20180301	-0.07773155	-0.11804885
-0.30986527	0.25137934	-0.317433	-0.28950068	0.2798661	-0.3647505	-0.23330009	-0.2789554
-0.44363007	0.4325225	-0.40075365	-0.43736932	0.38374972	-0.45100304	-0.4314325	-0.43534178
0.23107924	-0.21998951	0.2374203	0.17269003	-0.22397494	0.23018247	0.25193834	0.21085778
0.5595279	-0.5830333	0.59190524	0.5638754	-0.586529	0.7290543	0.6061795	0.52966565
-0.6037572	0.5832495	-0.5955973	-0.6324189	0.6292464	-0.6401923	-0.65952045	-0.6339806
0.010970884	0.035676707	-0.022729792	-0.011613701	-0.015674222	-0.028972771	-0.048550364	0.018560981
-0.25774065	0.2587976	-0.21254149	-0.29654938	0.20153746	-0.284718	-0.3008771	-0.21811055
0.15035464	-0.1978713	0.14704023	0.15228724	-0.11697341	0.13385755	0.13352862	0.14624123
-0.45712557	0.5228493	-0.4851722	-0.44395462	0.48372614	-0.58422107	-0.45868436	-0.51804346
0.48898622	-0.47972146	0.4950211	0.4654798	-0.49933177	0.47931144	0.53186816	0.49178594
0.42171705	-0.37729868	0.39782056	0.35362247	-0.43478426	0.48742622	0.4717406	0.42980215
-0.16940872	0.20198537	-0.17048873	-0.1842559	0.19016197	-0.1614111	-0.17831886	-0.17905642
-0.017916309	0.092836484	-0.10384253	-0.03218668	0.039911944	-0.05579272	-0.06274137	-0.058227383
-0.2283338	0.24546567	-0.26864043	-0.2896811	0.20390268	-0.3455862	-0.2400953	-0.26256174
0.27620983	-0.27525285	0.24342406	0.2906273	-0.30013722	0.31545934	0.2953486	0.32822904
-0.41462165	0.3476819	-0.3528616	-0.37570757	0.39635634	-0.39328828	-0.3420045	-0.40888464
-0.43480346	0.42985696	-0.3498501	-0.37151575	0.39534467	-0.43757486	-0.34951875	-0.35904008
0.2492991	-0.27836347	0.27734098	0.31984565	-0.29339367	0.33421832	0.25798982	0.28521213
-0.22966471	0.21424837	-0.2362417	-0.19193691	0.21775514	-0.28546005	-0.25116956	-0.21974944
0.27834874	-0.28996068	0.30758414	0.27577186	-0.34351227	0.35622692	0.29754522	0.27073193
0.20353554	-0.25235382	0.19462946	0.252865	-0.18891114	0.20321067	0.2087664	0.22529334
0.48129463	-0.58600193	0.5125194	0.50896066	-0.50282836	0.6427578	0.60512763	0.5376451
0.55127203	-0.58636564	0.5127758	0.48515466	-0.4777423	0.5486581	0.58118606	0.5079973
0.47669753	-0.602452	0.5093898	0.49837664	-0.4929216	0.61586744	0.5875648	0.52727705
0.45534864	-0.4763699	0.46361336	0.39372262	-0.38670903	0.5225526	0.4565268	0.40470845
-0.051916234	0.053043276	-0.08019825	-0.019469792	0.08360933	-0.07128191	-0.051673755	-0.034710594
0.10139747	-0.061151188	0.1485333	0.10063395	-0.08056087	0.076869406	0.12577686	0.086946175
-0.37201628	0.32534382	-0.29851016	-0.30872053	0.36509877	-0.464216	-0.30380344	-0.35635647
-0.23003429	0.22903936	-0.25862283	-0.23734955	0.22389197	-0.21044272	-0.21464188	-0.2581822
0.3604238	-0.44493216	0.4201836	0.36678356	-0.34093827	0.4581551	0.41723406	0.36800092
-0.48539996	0.52490395	-0.52278036	-0.49981403	0.4339455	-0.5692835	-0.46880022	-0.52572083
-0.4857322	0.5469967	-0.46119845	-0.48144263	0.49649864	-0.5318222	-0.48197538	-0.46124116
0.50255	-0.48567176	0.46172735	0.5231966	-0.5164532	0.5702318	0.5587043	0.45161554
-0.30417958	0.36565867	-0.34614357	-0.34658983	0.30135268	-0.4038585	-0.3474822	-0.325029
0.23618774	-0.33717853	0.31899485	0.2972734	-0.25334752	0.30187017	0.3391326	0.23686066
0.20774852	-0.15476291	0.2020783	0.13115682	-0.13042495	0.13086492	0.1468854	0.20032038
-0.19507158	0.20567165	-0.1796992	-0.156228	0.19290371	-0.25268108	-0.17554617	-0.18566628
0.41854343	-0.41193977	0.4258425	0.39420906	-0.36529285	0.44580615	0.38753667	0.34462598
-0.17232814	0.24282816	-0.19367713	-0.23255692	0.19475453	-0.29830387	-0.19340749	-0.2448249
0.27644616	-0.3069898	0.29685566	0.3503002	-0.33798292	0.37779465	0.3929092	0.33399665
-0.24698699	0.25120103	-0.23471159	-0.21415544	0.18914498	-0.22996187	-0.18402311	-0.18863416
0.4126304	-0.49591666	0.480799	0.45542744	-0.4445307	0.54686075	0.4803668	0.4072062
-0.24477297	0.20308672	-0.24266215	-0.16829647	0.2268287	-0.2112962	-0.22850753	-0.1732524
0.25845787	-0.26290295	0.28964344	0.25421104	-0.24522822	0.30467024	0.30698338	0.25291157
0.0629562	-0.018687513	0.094532385	0.07958973	-0.03734397	-0.010657894	0.05649267	0.026615517
0.12579933	-0.13125117	0.12441446	0.09646798	-0.14041537	0.1596449	0.12286005	0.13418712
-0.47833183	0.48069537	-0.47926825	-0.4731834	0.44449842	-0.5171163	-0.5076677	-0.46607897
0.13635765	-0.10318804	0.12100204	0.04153334	-0.1306461	0.027660893	0.13070406	0.10987097
-0.13019551	0.17335483	-0.15450533	-0.12650712	0.16274726	-0.19279854	-0.15545505	-0.17803738
-0.2946331	0.3269532	-0.30694073	-0.30241972	0.3456357	-0.38005257	-0.31289732	-0.29821983
0.23167302	-0.2587798	0.21621783	0.17595361	-0.21666142	0.23093784	0.18906878	0.25577682
0.12855792	-0.15620732	0.1959423	0.11996144	-0.18293324	0.2397639	0.18125466	0.19500296
0.113680564	-0.13920705	0.14235513	0.16035396	-0.1688809	0.14041582	0.12706736	0.1368061
-0.20102331	0.22735447	-0.1788443	-0.17403145	0.19498461	-0.18593976	-0.19313571	-0.15170269
-0.21290687	0.26660132	-0.17556497	-0.2636144	0.26123488	-0.25688642	-0.21591382	-0.17757443
0.44409755	-0.42615837	0.40984273	0.45008588	-0.414256	0.55247664	0.46982604	0.4936929
0.124569945	-0.12287743	0.0650494	0.078954585	-0.091449894	0.13978018	0.077075236	0.10517777
0.28575456	-0.3450721	0.32756284	0.36055663	-0.38546374	0.46783718	0.40917376	0.32005772
0.35611975	-0.34047532	0.3669807	0.30373117	-0.3489392	0.28526774	0.33357522	0.38297784
-0.021151941	0.020658303	0.0027631195	0.01651239	0.027593063	-0.080866516	0.021670315	-0.014498024
-0.093235075	0.17717053	-0.09257726	-0.12165674	0.103490114	-0.10031685	-0.09748494	-0.10200333
-0.08922651	0.16571815	-0.15587729	-0.10582779	0.11768722	-0.1305421	-0.11053073	-0.14684142
-0.20489451	0.13930164	-0.21937302	-0.19435862	0.12695584	-0.22745049	-0.19931693	-0.19965954
-0.1846242	0.2667545	-0.18288916	-0.19279383	0.25917533	-0.27137747	-0.19832045	-0.25170517
-0.41010758	0.40157342	-0.35026297	-0.34388196	0.3799317	-0.465166	-0.42813948	-0.3176332
-0.046953116	-0.020738315	0.024288114	-0.027865063	0.0006221707	-0.053165376	0.007933196	0.035327557
0.032688193	-0.01509507	-0.022957569	-0.012683465	0.034018196	-0.074626826	-0.022248354	0.016055372
-0.16573295	0.117169335	-0.15854163	-0.124009505	0.15938373	-0.22392692	-0.113012426	-0.1309301
-0.015401503	0.024775205	-0.0037313506	0.01065954	-0.02515689	0.051709734	-0.020374542	0.020539338
-0.08829781	0.13467051	-0.101045944	-0.13460751	0.095524475	-0.12486847	-0.10342728	-0.08421433
0.09068047	-0.062878944	0.119171485	0.052475326	-0.10401347	0.08306335	0.05758389	0.11130369
-0.21496059	0.19688526	-0.13826878	-0.18420036	0.17751698	-0.23189771	-0.20383866	-0.14536409
-0.23874022	0.20494883	-0.19277033	-0.19106458	0.19016185	-0.23080009	-0.25452378	-0.21256462
-0.2418997	0.23920129	-0.24564525	-0.21951702	0.22158588	-0.19592756	-0.18155117	-0.19042474
0.4775857	-0.51545805	0.43432605	0.4415917	-0.42491642	0.5238735	0.52358544	0.45935154
0.034416415	0.008292663	0.058434665	9.2677656e-05	-0.008027508	-0.014736241	0.06752784	0.05063942
0.40465665	-0.45352423	0.47446367	0.39560157	-0.43425205	0.47946313	0.52334535	0.48606834
-0.0113647245	-0.0392118	0.040608212	0.048518557	0.005952077	-0.029625582	0.016796226	0.026214808
0.015202051	-0.06609412	0.08984867	0.06816781	0.00042512096	0.0696763	0.028600201	0.05042426
0.53758156	-0.5751939	0.5601649	0.5025977	-0.5556054	0.70865506	0.5940013	0.530874
-0.13027455	0.14930184	-0.13646956	-0.123495206	0.13240314	-0.16578536	-0.122099034	-0.15967388
0.10917835	-0.10473982	0.1253037	0.060279164	-0.057597835	0.043047104	0.07730297	0.118117645
-0.12805173	0.12855986	-0.07539361	-0.03532336	0.09204889	-0.0815961	-0.057438068	-0.10881193
0.029825993	-0.07611398	0.067076474	0.10288305	-0.10173264	0.05340414	0.05644993	0.09269914
0.08369308	-0.0694647	0.14973673	0.12515607	-0.12532207	0.049010016	0.13068573	0.08690209
-0.48609632	0.49523205	-0.52294296	-0.5115292	0.45001224	-0.5548712	-0.48883396	-0.5291088
0.4567181	-0.4301548	0.4311276	0.4241124	-0.4720225	0.5121752	0.41483983	0.44069955
0.059752114	-0.10575879	0.13226578	0.12124153	-0.14162228	0.08452328	0.0860294	0.08759255
0.2364912	-0.26412213	0.24939588	0.19641887	-0.26465303	0.3018459	0.23023449	0.21971525
-0.114043616	0.15022382	-0.08925276	-0.11743822	0.14485143	-0.1270961	-0.121929966	-0.11046359
-0.15424883	0.10311903	-0.11523539	-0.13228494	0.08564021	-0.17617093	-0.09479714	-0.08963218
-0.12392116	0.21646586	-0.14856347	-0.17970116	0.17833592	-0.20284598	-0.20639278	-0.16290256
-0.12074283	0.10896742	-0.12272093	-0.12758435	0.09844792	-0.15536901	-0.12385573	-0.13577478
-0.3177002	0.29975533	-0.28916174	-0.29388523	0.35541978	-0.35212827	-0.29209334	-0.2927748
0.03925401	-0.025934873	-0.007453895	0.029336195	-0.037953775	0.029615669	0.008200205	-0.008393972
-0.24817775	0.25054088	-0.27302942	-0.22128198	0.25505978	-0.22877169	-0.26453167	-0.26100653
-0.14241211	0.1665061	-0.14849001	-0.16941628	0.20170198	-0.22052477	-0.19638775	-0.22394802
0.113533154	-0.11217888	0.13283038	0.13823827	-0.11462018	0.1464582	0.11311716	0.13224848
-0.22001952	0.2656591	-0.23185645	-0.26705337	0.18808775	-0.34394193	-0.21489292	-0.26105046
0.20386828	-0.23239724	0.22004546	0.22068131	-0.23943308	0.25998804	0.19350114	0.25788674
-0.21374686	0.28297842	-0.20806019	-0.22355473	0.20683546	-0.27790916	-0.21488075	-0.20244303
-0.0039562522	-0.005638299	-0.077085726	-0.07256752	0.057168934	-0.061404962	-0.0041630603	-0.053188536
-0.43390468	0.5275106	-0.44741294	-0.48054686	0.5045929	-0.4999773	-0.44204134	-0.48233107
0.19455653	-0.22741562	0.23968723	0.25413057	-0.25494117	0.2028693	0.2418468	0.18785772
0.25692043	-0.31821924	0.28239664	0.30199727	-0.3181836	0.3236236	0.29344243	0.29081362
-0.0845461	0.14489481	-0.07973952	-0.13395372	0.06354084	-0.1188533	-0.10158861	-0.10666092
-0.3548269	0.37686658	-0.42550015	-0.37806493	0.37825865	-0.4314688	-0.35417655	-0.39272487
0.08941345	-0.15610203	0.12694274	0.10701235	-0.12823395	0.14894915	0.09883216	0.15325588
-0.270114	0.22870596	-0.22049563	-0.25291187	0.2593097	-0.32941908	-0.3032357	-0.20584704
0.24225096	-0.33905882	0.33275524	0.30977786	-0.3244765	0.36548263	0.34757325	0.27491885
-0.53792655	0.48672068	-0.5001893	-0.49432525	0.457652	-0.57459325	-0.51569504	-0.5213885
0.4301744	-0.50976646	0.49681717	0.4462386	-0.45590252	0.5293558	0.5282483	0.40576947
0.13603535	-0.18288206	0.15712355	0.1704609	-0.1165363	0.17789215	0.14719366	0.13503622
0.15263747	-0.20714773	0.21095957	0.1354861	-0.18566334	0.20642072	0.21613237	0.2163796
-0.19960023	0.21675023	-0.20613186	-0.24140415	0.22212654	-0.2231883	-0.26825354	-0.18779427
-0.03380113	0.12691088	-0.030509718	-0.02453059	0.024511889	-0.14449537	-0.05771933	-0.082729496
0.30300173	-0.30758074	0.3108569	0.23434052	-0.25810033	0.3064432	0.27366778	0.27032265
0.10119663	-0.11643442	0.13399833	0.07744267	-0.17064618	0.15318209	0.16424517	0.17709288
0.0185265	-0.038673546	0.0628339	0.09352309	-0.093152136	0.02618505	0.08220611	0.102620475
-0.07133497	0.08254458	-0.06719172	-0.060053136	0.06932586	-0.1838321	-0.13862461	-0.071266755
0.0022487515	-0.013794265	-0.012306109	9.6483345e-05	0.006757577	-0.054935556	-0.049543347	-0.028876903
-0.27275884	0.2793252	-0.21349952	-0.23901783	0.28471768	-0.26505122	-0.27976367	-0.27270728
0.08421142	-0.07202166	0.06527923	0.050536852	-0.08902704	0.091689214	0.09328509	0.118499234
-0.5512866	0.5599927	-0.4783115	-0.4922474	0.52897125	-0.5307371	-0.55258995	-0.5229333
0.29691365	-0.259837	0.2760117	0.24183433	-0.23691861	0.30014282	0.22974472	0.27123564
-0.52816993	0.53648454	-0.4739766	-0.47309592	0.48589393	-0.57647866	-0.4607483	-0.48049048
0.06981209	-0.14600608	0.10989662	0.100942396	-0.115623504	0.11434555	0.15502639	0.084861815
-0.2346847	0.29566646	-0.23242946	-0.21743318	0.25333238	-0.3086344	-0.29384893	-0.21845254
0.010732951	-0.0069618905	-0.030596705	0.05103509	0.027430551	-0.001059411	0.02815982	-0.0002093236
0.14783889	-0.15244149	0.16935061	0.09845982	-0.1308772	0.06393104	0.168679	0.13791318
0.04293765	-0.042185027	0.02878076	0.010340843	-0.012948509	-0.0091221165	0.036690343	-0.030474184
-0.10397439	0.11532866	-0.060463924	-0.053395674	0.0564134	-0.13124189	-0.04702361	-0.11004293
-0.501234	0.50575393	-0.54461265	-0.4674317	0.45286036	-0.5181256	-0.45475817	-0.46691
-0.1634145	0.22182569	-0.14933978	-0.13595408	0.117510356	-0.18822454	-0.1351976	-0.124497876
-0.23535442	0.27693874	-0.27698845	-0.19618455	0.2290564	-0.26933664	-0.21854138	-0.26462817
-0.42115754	0.49108392	-0.47899145	-0.39414656	0.38847893	-0.4995436	-0.48559615	-0.40632802
-0.5683735	0.56029826	-0.53569645	-0.56062496	0.53599805	-0.6419597	-0.54901797	-0.56492525
-0.01031521	0.03459263	-0.031573787	0.020137219	-0.0023051414	-0.023289358	0.055530455	0.038014162
0.3649926	-0.35669848	0.33477077	0.31635597	-0.30973446	0.4175313	0.39126235	0.3392918
-0.16547811	0.12748891	-0.17040606	-0.13580997	0.18150738	-0.20378104	-0.11610661	-0.12598553
0.20603675	-0.20462638	0.21091841	0.15675075	-0.15564446	0.18539375	0.20375906	0.23787567
-0.13849442	0.1449881	-0.11061722	-0.14719819	0.104790546	-0.11967519	-0.064159	-0.080716394
-0.5275232	0.62537265	-0.55792105	-0.5760204	0.5216723	-0.6338376	-0.5604262	-0.57974356
-0.14079335	0.14506522	-0.12522009	-0.08385254	0.12180826	-0.21266714	-0.1506251	-0.13004619
-0.22988038	0.26587826	-0.24039537	-0.26475176	0.24194993	-0.30491555	-0.24903989	-0.22713862
-0.40283152	0.49342602	-0.38526037	-0.41165495	0.42915773	-0.45799446	-0.40374187	-0.46544957
0.56304765	-0.6450249	0.65445566	0.5647856	-0.57783884	0.7523734	0.6715111	0.5862532
-0.029604102	-0.05335897	0.02498271	-0.01216025	-0.0690759	0.04073808	0.069908224	0.066251844
0.34632212	-0.37238201	0.30365348	0.29663527	-0.30700523	0.31548965	0.3732336	0.35908592
0.15463223	-0.16211192	0.1470201	0.12955907	-0.12887053	0.16720286	0.09122819	0.10471973
-0.41312587	0.4436037	-0.39393526	-0.48460624	0.39603776	-0.5551456	-0.48879957	-0.45752048
-0.09923818	0.097418666	-0.091765285	-0.11245857	0.12738049	-0.1898074	-0.09704675	-0.14766155
0.022570994	-0.031175049	-0.022504205	-0.02530646	-0.025387932	0.006421551	0.042015973	0.051746495
0.19868135	-0.29131177	0.2663312	0.25252315	-0.23168969	0.28290555	0.21752347	0.21304554
-0.18358073	0.19988102	-0.15082742	-0.16806568	0.14667211	-0.22218299	-0.1807445	-0.14132531
-0.2884709	0.30270508	-0.25865313	-0.2869836	0.3132032	-0.3502811	-0.31950614	-0.3042973
-0.27359226	0.28655508	-0.18966247	-0.2612352	0.19164945	-0.2315732	-0.2860958	-0.2719093
0.16142555	-0.18427587	0.12305393	0.12356369	-0.19457844	0.20402919	0.23434292	0.12847066
-0.6353688	0.6433843	-0.66628706	-0.6597012	0.6319723	-0.677703	-0.6507918	-0.6452206
-0.16392013	0.17381455	-0.16434917	-0.21504052	0.12531051	-0.24134068	-0.1317707	-0.20977324
-0.5129888	0.52006346	-0.51271415	-0.50379986	0.4925081	-0.53351414	-0.4499892	-0.51871306
0.30402744	-0.30507782	0.2817677	0.22296825	-0.23926452	0.34908932	0.31089592	0.24024566
-0.18050086	0.15106405	-0.1073402	-0.10944297	0.13179225	-0.20740296	-0.16846728	-0.15175223
0.084624216	-0.053138494	0.04048925	0.07256668	-0.04020295	0.07291459	0.052256763	0.05039348
-0.09465882	0.10133548	-0.16311145	-0.15652683	0.16301474	-0.18901534	-0.15629229	-0.17344433
-0.19754562	0.22898011	-0.18374468	-0.21198264	0.21928297	-0.23243348	-0.19890238	-0.23108965
0.14518908	-0.18789245	0.21404551	0.16733085	-0.18758762	0.15465413	0.21668507	0.19220817
-0.2707691	0.22775099	-0.29358998	-0.2316787	0.23089829	-0.3113092	-0.25023508	-0.27133557
0.19257344	-0.19605531	0.1775194	0.19555081	-0.206667	0.29603377	0.28730664	0.21049419
-0.23258968	0.31431112	-0.20435348	-0.20700338	0.21443708	-0.3092638	-0.22512288	-0.2860465
-0.17279609	0.15423281	-0.17964104	-0.12114206	0.11610374	-0.16492842	-0.14164974	-0.1569481
0.021469258	0.009528206	0.014142823	-0.017489346	-0.022228977	-0.004133749	-0.028444318	0.062459935
-0.35566556	0.3580661	-0.3529794	-0.3336058	0.31394356	-0.4093111	-0.31192878	-0.28861645
-0.27496615	0.3294144	-0.3417404	-0.25817463	0.34258917	-0.39014232	-0.26477838	-0.2971139
-0.39031675	0.4576389	-0.477223	-0.4532071	0.42110974	-0.44368923	-0.46530908	-0.4255334
